track_uuid,entrainment_pct,end_reason
1fd1007c-7edf-46e4-a115-a78fce5a823c,0.5076,NATURAL_END
9b288450-5166-4a42-80c0-b1d55141990d,0.2711,NATURAL_END
d5509a63-59d1-474a-aa77-e0ae019c1f87,0.8484,NATURAL_END
81bcd09b-196a-406f-9548-d4506ad1c47b,0.3139,SKIP
03a0199b-1ad1-43b8-9a4f-a291eb28e19b,0.5354,NATURAL_END
866ec43d-d203-412a-ab6a-7f7d8412741f,0.6271,NATURAL_END
5f7c9f0e-5643-4c20-883c-96e795492453,0.2467,NATURAL_END
4322b4cf-d94a-4389-af19-6bd4bd8ffd35,0.7212,SKIP
c6c1f745-9db0-47c6-8640-d43c93b4bf41,1,NATURAL_END
9d8efb35-6036-4a18-8b16-24bdc00dced0,0.1012,SKIP
4404d32c-d14d-4e61-8678-df1c419d837e,0.68,NATURAL_END
65c5da64-9661-4c8f-99a8-0117b28f7d05,0.1603,SKIP
b6e4c792-97de-48a9-ae1b-2aadb8b54dc8,0.0961,SKIP
c1468864-516d-44bd-85c4-3cddaefa39a7,0.0443,NATURAL_END
e7af167a-d247-44af-92db-a0deca190780,0.6079,SKIP
84780627-5d6d-40f1-957e-eafc2904950a,0.3551,NATURAL_END
2eec01e2-c98f-444a-9632-7e9da27ef75b,0.3685,NATURAL_END
e50b1937-20a6-4fb4-bbff-ed4b819bcb82,0.8751,SKIP
efb63f77-8f15-47d6-8eb7-abb1baad21e7,0.86,NATURAL_END
26e8b124-12f5-4fd4-9a66-df4d18034165,0.6824,NATURAL_END
461fd79f-6904-40b3-b1c8-99bb927d83dd,0.4108,SKIP
b75928a6-aeda-4109-8a6a-85183169fd7a,0.0801,SKIP
fcd2d4fb-e69c-4c77-865c-7350489e4e0b,0.7324,NATURAL_END
68f3646d-6e28-4054-a69b-3637e7be75d6,0.1611,SKIP
cdfa93e6-56a9-445b-a895-9a3d54e5554f,0.3655,SKIP
c15a4c08-e6bd-4a2e-ba91-9f52ed90d352,0.17,SKIP
3b6ad8fb-c10c-486c-8859-9e156947d680,0.5533,SKIP
a6343d90-9531-4ae2-92fd-9e009a0beceb,0.0051,NATURAL_END
ae25d32b-008e-495d-8f6f-d652ff7d091e,0.3605,SKIP
198adbab-599a-41ee-81c7-546c326e29d5,0.7462,SKIP
386b0e51-9a78-4033-b441-48724d26c9c5,0.9398,SKIP
aae61b18-aca8-4fc1-a057-40e8fed5f156,0.87,NATURAL_END
42cf001c-d3ef-4174-b8cd-bdee736a89d7,0.7943,SKIP
6e075076-f580-4863-9729-e11b544abd36,0.0378,SKIP
a6fd9aa2-7c34-41dd-9e9f-183c6d80e1a9,0.3311,SKIP
f1e84998-0786-4d33-bb33-1d87b5ba90e4,0.5796,SKIP
a194d67b-d6a2-471f-ab1a-e1e1f3c22f05,0.7084,NATURAL_END
1d6c8694-4477-4e89-9aab-b81cf52c94b0,0.4534,NATURAL_END
0b0ba713-aef5-453b-8ad4-3b41bcd81320,0.3287,SKIP
4e196ce8-9728-4e55-94a0-79cd9ab57e64,0.1237,SKIP
77d04229-46da-4ba0-b4ef-31199a2341c0,0.4933,SKIP
f9685930-f36c-4496-82c8-3772b6b05161,0.0274,SKIP
83306f20-3add-4baf-92d6-f87ae6d25a97,0.0082,SKIP
7b75f5e1-37d4-4a29-a92c-b06296ac020c,0.8588,NATURAL_END
ea6eac9e-19c4-489c-a9c7-ae3c7801d341,1,NATURAL_END
0580367c-1c30-4e1c-ac7c-8af12a613762,0.2359,SKIP
ecd08db3-cac7-4031-accf-d90a33078f25,0.2218,SKIP
eecff291-d912-4629-92bd-a027ce5a1f52,0.8994,SKIP
2017a825-61b8-45c8-8b56-616386713354,0.9677,SKIP
3ffce8db-6045-43b0-84f5-4527d2ba48d1,0.2916,SKIP
701509ef-b5eb-4e51-951f-89f5e14456af,0.4242,NATURAL_END
d6819fc1-4f4c-42d6-92db-aa259959bfd7,0.9362,NATURAL_END
4ae2c68a-c1ac-4346-a630-dfce41d42b2d,0.2247,SKIP
51652c82-e22d-4a65-917e-0a585c73ab1c,0.5372,NATURAL_END
bb5af2b5-2c22-4be2-abbb-67edf87690b6,0.4876,SKIP
84425149-1f05-4ae4-be78-04540af46d9d,0.7547,NATURAL_END
b66c5472-b652-427b-8a29-de336db3839b,0.2112,SKIP
8b064e30-4129-45f6-ba19-40dc3b6cd5fb,0.1572,SKIP
a826e94c-b536-4d5a-9815-0bc0a35a6e5c,0.5508,SKIP
4dfd5e60-7728-4256-9b37-0cca4a24bf45,0.3128,SKIP
fc61eed3-e1f9-4c32-bc03-5df35cedd82c,0.14,SKIP
6bb28403-d9cc-45ab-b1a2-19d635131a71,0.6359,NATURAL_END
46bd9349-ec8b-4b69-8888-4a3ef7610c8b,0.2943,SKIP
11abb91c-a142-445c-9708-f883ef90bc28,0.98,SKIP
127735e8-be26-4778-860c-77208d88bb12,0.4805,SKIP
2d19f613-bf13-4812-bb1c-39042caffbe8,0.0037,NATURAL_END
117aa07f-3e2a-4d7d-b1c9-44efdc652167,0.7238,SKIP
5b8c7c0b-4013-4e11-b305-6e5d6d32c219,0.2044,NATURAL_END
ba27e412-d17d-494f-9c14-fa106e5e0f0d,0.7374,SKIP
effc4454-9740-4811-8693-5ce66c48dfbc,0.3349,SKIP
2ce3cabf-ed76-4e03-8f5d-081c25bba2b0,0.8039,NATURAL_END
494e1b71-535f-43df-be7e-b35415641ebe,0.2585,SKIP
a28960fd-9bfb-494c-9228-449ce7b4ba81,0.1462,NATURAL_END
549e1983-1ee2-40eb-8d67-de0c4a374de5,0.9851,SKIP
bb6ee012-7ffa-4a89-a7cf-4dd0459b537e,0.3884,NATURAL_END
a30cf3e6-d980-4c74-abea-0855831cfbe3,0.0529,NATURAL_END
f208a452-5241-4466-9efb-1e4a41b7cc53,0.4657,SKIP
9921c299-0d89-499e-8f86-4ccd4c4aead5,0.7915,NATURAL_END
1fd1007c-7edf-46e4-a115-a78fce5a823c,0.2633,NATURAL_END
9b288450-5166-4a42-80c0-b1d55141990d,0.5238,SKIP
d5509a63-59d1-474a-aa77-e0ae019c1f87,0.19,NATURAL_END
81bcd09b-196a-406f-9548-d4506ad1c47b,0.3984,NATURAL_END
03a0199b-1ad1-43b8-9a4f-a291eb28e19b,0.6377,NATURAL_END
866ec43d-d203-412a-ab6a-7f7d8412741f,0.4552,NATURAL_END
5f7c9f0e-5643-4c20-883c-96e795492453,0.11,SKIP
4322b4cf-d94a-4389-af19-6bd4bd8ffd35,0.6125,SKIP
c6c1f745-9db0-47c6-8640-d43c93b4bf41,0.4986,SKIP
9d8efb35-6036-4a18-8b16-24bdc00dced0,0.1002,NATURAL_END
4404d32c-d14d-4e61-8678-df1c419d837e,1,SKIP
65c5da64-9661-4c8f-99a8-0117b28f7d05,0.1505,SKIP
b6e4c792-97de-48a9-ae1b-2aadb8b54dc8,0.6778,NATURAL_END
c1468864-516d-44bd-85c4-3cddaefa39a7,0.3724,NATURAL_END
e7af167a-d247-44af-92db-a0deca190780,0.6564,SKIP
84780627-5d6d-40f1-957e-eafc2904950a,0.49,NATURAL_END
2eec01e2-c98f-444a-9632-7e9da27ef75b,0.3715,NATURAL_END
e50b1937-20a6-4fb4-bbff-ed4b819bcb82,0.8197,NATURAL_END
efb63f77-8f15-47d6-8eb7-abb1baad21e7,0.81,NATURAL_END
26e8b124-12f5-4fd4-9a66-df4d18034165,0.9227,NATURAL_END
461fd79f-6904-40b3-b1c8-99bb927d83dd,0.8009,NATURAL_END
b75928a6-aeda-4109-8a6a-85183169fd7a,0.8327,NATURAL_END
fcd2d4fb-e69c-4c77-865c-7350489e4e0b,0.51,SKIP
68f3646d-6e28-4054-a69b-3637e7be75d6,0.2161,SKIP
cdfa93e6-56a9-445b-a895-9a3d54e5554f,0.1023,SKIP
c15a4c08-e6bd-4a2e-ba91-9f52ed90d352,0.6892,NATURAL_END
3b6ad8fb-c10c-486c-8859-9e156947d680,0.5974,NATURAL_END
a6343d90-9531-4ae2-92fd-9e009a0beceb,0.2848,NATURAL_END
ae25d32b-008e-495d-8f6f-d652ff7d091e,0.3991,SKIP
198adbab-599a-41ee-81c7-546c326e29d5,0.8921,SKIP
386b0e51-9a78-4033-b441-48724d26c9c5,0.7722,SKIP
aae61b18-aca8-4fc1-a057-40e8fed5f156,0.8,NATURAL_END
42cf001c-d3ef-4174-b8cd-bdee736a89d7,0.4194,NATURAL_END
6e075076-f580-4863-9729-e11b544abd36,0.3187,NATURAL_END
a6fd9aa2-7c34-41dd-9e9f-183c6d80e1a9,0.0516,SKIP
f1e84998-0786-4d33-bb33-1d87b5ba90e4,0.2585,NATURAL_END
a194d67b-d6a2-471f-ab1a-e1e1f3c22f05,0.9999,NATURAL_END
1d6c8694-4477-4e89-9aab-b81cf52c94b0,1,NATURAL_END
0b0ba713-aef5-453b-8ad4-3b41bcd81320,0.1486,NATURAL_END
4e196ce8-9728-4e55-94a0-79cd9ab57e64,0.5603,SKIP
77d04229-46da-4ba0-b4ef-31199a2341c0,0.8397,NATURAL_END
f9685930-f36c-4496-82c8-3772b6b05161,0.1456,SKIP
83306f20-3add-4baf-92d6-f87ae6d25a97,0.9069,NATURAL_END
7b75f5e1-37d4-4a29-a92c-b06296ac020c,0.7823,NATURAL_END
ea6eac9e-19c4-489c-a9c7-ae3c7801d341,0.1567,NATURAL_END
0580367c-1c30-4e1c-ac7c-8af12a613762,0.9878,NATURAL_END
ecd08db3-cac7-4031-accf-d90a33078f25,0.58,SKIP
eecff291-d912-4629-92bd-a027ce5a1f52,0.7667,NATURAL_END
2017a825-61b8-45c8-8b56-616386713354,0.3383,NATURAL_END
3ffce8db-6045-43b0-84f5-4527d2ba48d1,0.1425,SKIP
701509ef-b5eb-4e51-951f-89f5e14456af,0.9812,SKIP
d6819fc1-4f4c-42d6-92db-aa259959bfd7,0.8772,SKIP
4ae2c68a-c1ac-4346-a630-dfce41d42b2d,0.7745,SKIP
51652c82-e22d-4a65-917e-0a585c73ab1c,0.4319,SKIP
bb5af2b5-2c22-4be2-abbb-67edf87690b6,0.6047,NATURAL_END
84425149-1f05-4ae4-be78-04540af46d9d,0.8851,SKIP
b66c5472-b652-427b-8a29-de336db3839b,0.8151,NATURAL_END
8b064e30-4129-45f6-ba19-40dc3b6cd5fb,0.1481,NATURAL_END
a826e94c-b536-4d5a-9815-0bc0a35a6e5c,0.13,NATURAL_END
4dfd5e60-7728-4256-9b37-0cca4a24bf45,0.3652,SKIP
fc61eed3-e1f9-4c32-bc03-5df35cedd82c,0.8052,SKIP
6bb28403-d9cc-45ab-b1a2-19d635131a71,0.4239,NATURAL_END
46bd9349-ec8b-4b69-8888-4a3ef7610c8b,0.1598,SKIP
11abb91c-a142-445c-9708-f883ef90bc28,0.6012,SKIP
127735e8-be26-4778-860c-77208d88bb12,0.2132,NATURAL_END
2d19f613-bf13-4812-bb1c-39042caffbe8,0.3078,NATURAL_END
117aa07f-3e2a-4d7d-b1c9-44efdc652167,0.49,SKIP
5b8c7c0b-4013-4e11-b305-6e5d6d32c219,0.2404,NATURAL_END
ba27e412-d17d-494f-9c14-fa106e5e0f0d,0.59,NATURAL_END
effc4454-9740-4811-8693-5ce66c48dfbc,0.7915,SKIP
2ce3cabf-ed76-4e03-8f5d-081c25bba2b0,0.5564,SKIP
494e1b71-535f-43df-be7e-b35415641ebe,0.28,NATURAL_END
a28960fd-9bfb-494c-9228-449ce7b4ba81,0.5985,SKIP
549e1983-1ee2-40eb-8d67-de0c4a374de5,0.8642,SKIP
bb6ee012-7ffa-4a89-a7cf-4dd0459b537e,0.5575,SKIP
a30cf3e6-d980-4c74-abea-0855831cfbe3,0.0439,SKIP
f208a452-5241-4466-9efb-1e4a41b7cc53,0.0014,SKIP
9921c299-0d89-499e-8f86-4ccd4c4aead5,0.6952,SKIP
1fd1007c-7edf-46e4-a115-a78fce5a823c,0.2383,NATURAL_END
9b288450-5166-4a42-80c0-b1d55141990d,1,SKIP
d5509a63-59d1-474a-aa77-e0ae019c1f87,0.9565,SKIP
81bcd09b-196a-406f-9548-d4506ad1c47b,0.7843,SKIP
03a0199b-1ad1-43b8-9a4f-a291eb28e19b,0.5364,SKIP
866ec43d-d203-412a-ab6a-7f7d8412741f,0.1441,NATURAL_END
5f7c9f0e-5643-4c20-883c-96e795492453,0.7057,NATURAL_END
4322b4cf-d94a-4389-af19-6bd4bd8ffd35,0.9609,SKIP
c6c1f745-9db0-47c6-8640-d43c93b4bf41,0.54,SKIP
9d8efb35-6036-4a18-8b16-24bdc00dced0,0.6954,SKIP
4404d32c-d14d-4e61-8678-df1c419d837e,0.6124,SKIP
65c5da64-9661-4c8f-99a8-0117b28f7d05,0.3622,NATURAL_END
b6e4c792-97de-48a9-ae1b-2aadb8b54dc8,0.3095,NATURAL_END
c1468864-516d-44bd-85c4-3cddaefa39a7,0.4711,SKIP
e7af167a-d247-44af-92db-a0deca190780,0.2816,NATURAL_END
84780627-5d6d-40f1-957e-eafc2904950a,0.1748,NATURAL_END
2eec01e2-c98f-444a-9632-7e9da27ef75b,0.1802,NATURAL_END
e50b1937-20a6-4fb4-bbff-ed4b819bcb82,0.11,SKIP
efb63f77-8f15-47d6-8eb7-abb1baad21e7,0.75,NATURAL_END
26e8b124-12f5-4fd4-9a66-df4d18034165,1,NATURAL_END
461fd79f-6904-40b3-b1c8-99bb927d83dd,0.7824,NATURAL_END
b75928a6-aeda-4109-8a6a-85183169fd7a,0.6083,NATURAL_END
fcd2d4fb-e69c-4c77-865c-7350489e4e0b,0.7722,NATURAL_END
68f3646d-6e28-4054-a69b-3637e7be75d6,0.0563,SKIP
cdfa93e6-56a9-445b-a895-9a3d54e5554f,0.5878,SKIP
c15a4c08-e6bd-4a2e-ba91-9f52ed90d352,0.5785,NATURAL_END
3b6ad8fb-c10c-486c-8859-9e156947d680,0.8193,SKIP
a6343d90-9531-4ae2-92fd-9e009a0beceb,0.7053,SKIP
ae25d32b-008e-495d-8f6f-d652ff7d091e,0.3265,NATURAL_END
198adbab-599a-41ee-81c7-546c326e29d5,0.6907,NATURAL_END
386b0e51-9a78-4033-b441-48724d26c9c5,0.4657,SKIP
aae61b18-aca8-4fc1-a057-40e8fed5f156,0.3695,NATURAL_END
42cf001c-d3ef-4174-b8cd-bdee736a89d7,0.2035,SKIP
6e075076-f580-4863-9729-e11b544abd36,0.7789,SKIP
a6fd9aa2-7c34-41dd-9e9f-183c6d80e1a9,0.7373,NATURAL_END
f1e84998-0786-4d33-bb33-1d87b5ba90e4,0.6925,NATURAL_END
a194d67b-d6a2-471f-ab1a-e1e1f3c22f05,0.4887,SKIP
1d6c8694-4477-4e89-9aab-b81cf52c94b0,1,NATURAL_END
0b0ba713-aef5-453b-8ad4-3b41bcd81320,0.7657,NATURAL_END
4e196ce8-9728-4e55-94a0-79cd9ab57e64,0.1891,NATURAL_END
77d04229-46da-4ba0-b4ef-31199a2341c0,0.2539,NATURAL_END
f9685930-f36c-4496-82c8-3772b6b05161,0.8385,SKIP
83306f20-3add-4baf-92d6-f87ae6d25a97,0.7105,NATURAL_END
7b75f5e1-37d4-4a29-a92c-b06296ac020c,0.23,NATURAL_END
ea6eac9e-19c4-489c-a9c7-ae3c7801d341,0.9889,NATURAL_END
0580367c-1c30-4e1c-ac7c-8af12a613762,0.7817,SKIP
ecd08db3-cac7-4031-accf-d90a33078f25,0.39,SKIP
eecff291-d912-4629-92bd-a027ce5a1f52,0.88,SKIP
2017a825-61b8-45c8-8b56-616386713354,0.4386,NATURAL_END
3ffce8db-6045-43b0-84f5-4527d2ba48d1,0.6116,NATURAL_END
701509ef-b5eb-4e51-951f-89f5e14456af,0.5152,SKIP
d6819fc1-4f4c-42d6-92db-aa259959bfd7,0.21,SKIP
4ae2c68a-c1ac-4346-a630-dfce41d42b2d,0.7732,NATURAL_END
51652c82-e22d-4a65-917e-0a585c73ab1c,0.8638,SKIP
bb5af2b5-2c22-4be2-abbb-67edf87690b6,1,SKIP
84425149-1f05-4ae4-be78-04540af46d9d,0.1193,SKIP
b66c5472-b652-427b-8a29-de336db3839b,0.1298,SKIP
8b064e30-4129-45f6-ba19-40dc3b6cd5fb,0.0369,SKIP
a826e94c-b536-4d5a-9815-0bc0a35a6e5c,0.1948,NATURAL_END
4dfd5e60-7728-4256-9b37-0cca4a24bf45,0.79,SKIP
fc61eed3-e1f9-4c32-bc03-5df35cedd82c,0.2436,SKIP
6bb28403-d9cc-45ab-b1a2-19d635131a71,0.8956,SKIP
46bd9349-ec8b-4b69-8888-4a3ef7610c8b,0.6423,NATURAL_END
11abb91c-a142-445c-9708-f883ef90bc28,0.1806,SKIP
127735e8-be26-4778-860c-77208d88bb12,0.1248,NATURAL_END
2d19f613-bf13-4812-bb1c-39042caffbe8,0.7482,NATURAL_END
117aa07f-3e2a-4d7d-b1c9-44efdc652167,0.9464,SKIP
5b8c7c0b-4013-4e11-b305-6e5d6d32c219,0.3359,SKIP
ba27e412-d17d-494f-9c14-fa106e5e0f0d,0.1328,SKIP
effc4454-9740-4811-8693-5ce66c48dfbc,0.8398,SKIP
2ce3cabf-ed76-4e03-8f5d-081c25bba2b0,0.6467,SKIP
494e1b71-535f-43df-be7e-b35415641ebe,0.8656,NATURAL_END
a28960fd-9bfb-494c-9228-449ce7b4ba81,0.4476,NATURAL_END
549e1983-1ee2-40eb-8d67-de0c4a374de5,0.8652,SKIP
bb6ee012-7ffa-4a89-a7cf-4dd0459b537e,0.5891,NATURAL_END
a30cf3e6-d980-4c74-abea-0855831cfbe3,0.6368,NATURAL_END
f208a452-5241-4466-9efb-1e4a41b7cc53,0.3446,NATURAL_END
9921c299-0d89-499e-8f86-4ccd4c4aead5,0.1893,SKIP
1fd1007c-7edf-46e4-a115-a78fce5a823c,0.7829,SKIP
9b288450-5166-4a42-80c0-b1d55141990d,0.5749,SKIP
d5509a63-59d1-474a-aa77-e0ae019c1f87,0.1452,SKIP
81bcd09b-196a-406f-9548-d4506ad1c47b,0.1406,SKIP
03a0199b-1ad1-43b8-9a4f-a291eb28e19b,0.2689,SKIP
866ec43d-d203-412a-ab6a-7f7d8412741f,0.2184,NATURAL_END
5f7c9f0e-5643-4c20-883c-96e795492453,0.3283,SKIP
4322b4cf-d94a-4389-af19-6bd4bd8ffd35,0.3359,NATURAL_END
c6c1f745-9db0-47c6-8640-d43c93b4bf41,0.1433,SKIP
9d8efb35-6036-4a18-8b16-24bdc00dced0,0.4733,SKIP
4404d32c-d14d-4e61-8678-df1c419d837e,0.1707,NATURAL_END
65c5da64-9661-4c8f-99a8-0117b28f7d05,0.2882,NATURAL_END
b6e4c792-97de-48a9-ae1b-2aadb8b54dc8,0.9087,NATURAL_END
c1468864-516d-44bd-85c4-3cddaefa39a7,0.7817,SKIP
e7af167a-d247-44af-92db-a0deca190780,0.8076,NATURAL_END
84780627-5d6d-40f1-957e-eafc2904950a,0.7521,SKIP
2eec01e2-c98f-444a-9632-7e9da27ef75b,0.81,SKIP
e50b1937-20a6-4fb4-bbff-ed4b819bcb82,0.7,NATURAL_END
efb63f77-8f15-47d6-8eb7-abb1baad21e7,0.97,NATURAL_END
26e8b124-12f5-4fd4-9a66-df4d18034165,0.4687,NATURAL_END
461fd79f-6904-40b3-b1c8-99bb927d83dd,0.3592,NATURAL_END
b75928a6-aeda-4109-8a6a-85183169fd7a,0.4673,SKIP
fcd2d4fb-e69c-4c77-865c-7350489e4e0b,0.7328,NATURAL_END
68f3646d-6e28-4054-a69b-3637e7be75d6,0.1871,NATURAL_END
cdfa93e6-56a9-445b-a895-9a3d54e5554f,0.2233,SKIP
c15a4c08-e6bd-4a2e-ba91-9f52ed90d352,0.64,NATURAL_END
3b6ad8fb-c10c-486c-8859-9e156947d680,0.0744,NATURAL_END
a6343d90-9531-4ae2-92fd-9e009a0beceb,0.5584,NATURAL_END
ae25d32b-008e-495d-8f6f-d652ff7d091e,0.1591,SKIP
198adbab-599a-41ee-81c7-546c326e29d5,0.05,SKIP
386b0e51-9a78-4033-b441-48724d26c9c5,0.3768,SKIP
aae61b18-aca8-4fc1-a057-40e8fed5f156,0.9244,NATURAL_END
42cf001c-d3ef-4174-b8cd-bdee736a89d7,0.6172,NATURAL_END
6e075076-f580-4863-9729-e11b544abd36,0.8063,NATURAL_END
a6fd9aa2-7c34-41dd-9e9f-183c6d80e1a9,0.8172,SKIP
f1e84998-0786-4d33-bb33-1d87b5ba90e4,1,NATURAL_END
a194d67b-d6a2-471f-ab1a-e1e1f3c22f05,0.2607,SKIP
1d6c8694-4477-4e89-9aab-b81cf52c94b0,0.6568,SKIP
0b0ba713-aef5-453b-8ad4-3b41bcd81320,0.6431,SKIP
4e196ce8-9728-4e55-94a0-79cd9ab57e64,0.9224,SKIP
77d04229-46da-4ba0-b4ef-31199a2341c0,0.2371,NATURAL_END
f9685930-f36c-4496-82c8-3772b6b05161,0.7878,NATURAL_END
83306f20-3add-4baf-92d6-f87ae6d25a97,0.8136,SKIP
7b75f5e1-37d4-4a29-a92c-b06296ac020c,0.5986,SKIP
ea6eac9e-19c4-489c-a9c7-ae3c7801d341,0.9282,NATURAL_END
0580367c-1c30-4e1c-ac7c-8af12a613762,0.1459,SKIP
ecd08db3-cac7-4031-accf-d90a33078f25,0.0064,SKIP
eecff291-d912-4629-92bd-a027ce5a1f52,0.9281,NATURAL_END
2017a825-61b8-45c8-8b56-616386713354,0.9376,NATURAL_END
3ffce8db-6045-43b0-84f5-4527d2ba48d1,0.2572,SKIP
701509ef-b5eb-4e51-951f-89f5e14456af,0.6034,NATURAL_END
d6819fc1-4f4c-42d6-92db-aa259959bfd7,0.8277,NATURAL_END
4ae2c68a-c1ac-4346-a630-dfce41d42b2d,0.7651,SKIP
51652c82-e22d-4a65-917e-0a585c73ab1c,0.6362,NATURAL_END
bb5af2b5-2c22-4be2-abbb-67edf87690b6,0.4549,NATURAL_END
84425149-1f05-4ae4-be78-04540af46d9d,0.1655,SKIP
b66c5472-b652-427b-8a29-de336db3839b,0.9634,SKIP
8b064e30-4129-45f6-ba19-40dc3b6cd5fb,0.6212,NATURAL_END
a826e94c-b536-4d5a-9815-0bc0a35a6e5c,0.5788,SKIP
4dfd5e60-7728-4256-9b37-0cca4a24bf45,0.5548,SKIP
fc61eed3-e1f9-4c32-bc03-5df35cedd82c,0.1795,NATURAL_END
6bb28403-d9cc-45ab-b1a2-19d635131a71,0.3241,NATURAL_END
46bd9349-ec8b-4b69-8888-4a3ef7610c8b,0.5539,SKIP
11abb91c-a142-445c-9708-f883ef90bc28,0.9486,NATURAL_END
127735e8-be26-4778-860c-77208d88bb12,0.1378,SKIP
2d19f613-bf13-4812-bb1c-39042caffbe8,0.1339,SKIP
117aa07f-3e2a-4d7d-b1c9-44efdc652167,0.8307,SKIP
5b8c7c0b-4013-4e11-b305-6e5d6d32c219,0.9794,NATURAL_END
ba27e412-d17d-494f-9c14-fa106e5e0f0d,0.9422,NATURAL_END
effc4454-9740-4811-8693-5ce66c48dfbc,0.2769,NATURAL_END
2ce3cabf-ed76-4e03-8f5d-081c25bba2b0,0.7005,NATURAL_END
494e1b71-535f-43df-be7e-b35415641ebe,0.1804,SKIP
a28960fd-9bfb-494c-9228-449ce7b4ba81,0.1431,NATURAL_END
549e1983-1ee2-40eb-8d67-de0c4a374de5,0.1029,NATURAL_END
bb6ee012-7ffa-4a89-a7cf-4dd0459b537e,0.5412,SKIP
a30cf3e6-d980-4c74-abea-0855831cfbe3,0.1182,NATURAL_END
f208a452-5241-4466-9efb-1e4a41b7cc53,0.3461,SKIP
9921c299-0d89-499e-8f86-4ccd4c4aead5,0.1408,NATURAL_END
1fd1007c-7edf-46e4-a115-a78fce5a823c,0.5878,NATURAL_END
9b288450-5166-4a42-80c0-b1d55141990d,0.6687,NATURAL_END
d5509a63-59d1-474a-aa77-e0ae019c1f87,0.0226,NATURAL_END
81bcd09b-196a-406f-9548-d4506ad1c47b,0.0463,SKIP
03a0199b-1ad1-43b8-9a4f-a291eb28e19b,0.7633,NATURAL_END
866ec43d-d203-412a-ab6a-7f7d8412741f,0.58,NATURAL_END
5f7c9f0e-5643-4c20-883c-96e795492453,0.7228,SKIP
4322b4cf-d94a-4389-af19-6bd4bd8ffd35,0.9514,NATURAL_END
c6c1f745-9db0-47c6-8640-d43c93b4bf41,0.4505,SKIP
9d8efb35-6036-4a18-8b16-24bdc00dced0,0.7614,SKIP
4404d32c-d14d-4e61-8678-df1c419d837e,0.1896,SKIP
65c5da64-9661-4c8f-99a8-0117b28f7d05,0.3164,SKIP
b6e4c792-97de-48a9-ae1b-2aadb8b54dc8,0.2853,SKIP
c1468864-516d-44bd-85c4-3cddaefa39a7,0.62,SKIP
e7af167a-d247-44af-92db-a0deca190780,0.3252,NATURAL_END
84780627-5d6d-40f1-957e-eafc2904950a,0.3858,SKIP
2eec01e2-c98f-444a-9632-7e9da27ef75b,0.2081,SKIP
e50b1937-20a6-4fb4-bbff-ed4b819bcb82,0.95,SKIP
efb63f77-8f15-47d6-8eb7-abb1baad21e7,0.9,NATURAL_END
26e8b124-12f5-4fd4-9a66-df4d18034165,0.85,NATURAL_END
461fd79f-6904-40b3-b1c8-99bb927d83dd,0.7221,SKIP
b75928a6-aeda-4109-8a6a-85183169fd7a,0.7724,NATURAL_END
fcd2d4fb-e69c-4c77-865c-7350489e4e0b,0.6305,NATURAL_END
68f3646d-6e28-4054-a69b-3637e7be75d6,0.3439,SKIP
cdfa93e6-56a9-445b-a895-9a3d54e5554f,0.9785,NATURAL_END
c15a4c08-e6bd-4a2e-ba91-9f52ed90d352,0.1674,NATURAL_END
3b6ad8fb-c10c-486c-8859-9e156947d680,0.5746,NATURAL_END
a6343d90-9531-4ae2-92fd-9e009a0beceb,0.3733,NATURAL_END
ae25d32b-008e-495d-8f6f-d652ff7d091e,0.93,NATURAL_END
198adbab-599a-41ee-81c7-546c326e29d5,0.8777,SKIP
386b0e51-9a78-4033-b441-48724d26c9c5,0.1735,SKIP
aae61b18-aca8-4fc1-a057-40e8fed5f156,0.7791,NATURAL_END
42cf001c-d3ef-4174-b8cd-bdee736a89d7,0.4798,SKIP
6e075076-f580-4863-9729-e11b544abd36,0.9498,NATURAL_END
a6fd9aa2-7c34-41dd-9e9f-183c6d80e1a9,0.5997,SKIP
f1e84998-0786-4d33-bb33-1d87b5ba90e4,0.58,NATURAL_END
a194d67b-d6a2-471f-ab1a-e1e1f3c22f05,0.2875,NATURAL_END
1d6c8694-4477-4e89-9aab-b81cf52c94b0,0.7477,SKIP
0b0ba713-aef5-453b-8ad4-3b41bcd81320,0.1652,SKIP
4e196ce8-9728-4e55-94a0-79cd9ab57e64,0.9938,NATURAL_END
77d04229-46da-4ba0-b4ef-31199a2341c0,0.1892,SKIP
f9685930-f36c-4496-82c8-3772b6b05161,0.7009,NATURAL_END
83306f20-3add-4baf-92d6-f87ae6d25a97,0.89,SKIP
7b75f5e1-37d4-4a29-a92c-b06296ac020c,0.8803,SKIP
ea6eac9e-19c4-489c-a9c7-ae3c7801d341,0.2383,NATURAL_END
0580367c-1c30-4e1c-ac7c-8af12a613762,0.3556,NATURAL_END
ecd08db3-cac7-4031-accf-d90a33078f25,0.5,SKIP
eecff291-d912-4629-92bd-a027ce5a1f52,1,NATURAL_END
2017a825-61b8-45c8-8b56-616386713354,0.0807,SKIP
3ffce8db-6045-43b0-84f5-4527d2ba48d1,0.6703,SKIP
701509ef-b5eb-4e51-951f-89f5e14456af,0.3458,SKIP
d6819fc1-4f4c-42d6-92db-aa259959bfd7,0.4728,SKIP
4ae2c68a-c1ac-4346-a630-dfce41d42b2d,0.2402,NATURAL_END
51652c82-e22d-4a65-917e-0a585c73ab1c,0.6782,NATURAL_END
bb5af2b5-2c22-4be2-abbb-67edf87690b6,0.7376,NATURAL_END
84425149-1f05-4ae4-be78-04540af46d9d,0.1703,SKIP
b66c5472-b652-427b-8a29-de336db3839b,0.9091,SKIP
8b064e30-4129-45f6-ba19-40dc3b6cd5fb,0.9317,NATURAL_END
a826e94c-b536-4d5a-9815-0bc0a35a6e5c,0.1851,NATURAL_END
4dfd5e60-7728-4256-9b37-0cca4a24bf45,0.7624,SKIP
fc61eed3-e1f9-4c32-bc03-5df35cedd82c,0.6145,NATURAL_END
6bb28403-d9cc-45ab-b1a2-19d635131a71,0.0356,NATURAL_END
46bd9349-ec8b-4b69-8888-4a3ef7610c8b,0.2821,NATURAL_END
11abb91c-a142-445c-9708-f883ef90bc28,0.4731,NATURAL_END
127735e8-be26-4778-860c-77208d88bb12,0.4611,SKIP
2d19f613-bf13-4812-bb1c-39042caffbe8,0.8815,NATURAL_END
117aa07f-3e2a-4d7d-b1c9-44efdc652167,1,SKIP
5b8c7c0b-4013-4e11-b305-6e5d6d32c219,0.2065,NATURAL_END
ba27e412-d17d-494f-9c14-fa106e5e0f0d,0.1408,SKIP
effc4454-9740-4811-8693-5ce66c48dfbc,0.3,NATURAL_END
2ce3cabf-ed76-4e03-8f5d-081c25bba2b0,0.1539,SKIP
494e1b71-535f-43df-be7e-b35415641ebe,0.0793,NATURAL_END
a28960fd-9bfb-494c-9228-449ce7b4ba81,0.6418,NATURAL_END
549e1983-1ee2-40eb-8d67-de0c4a374de5,0.5649,NATURAL_END
bb6ee012-7ffa-4a89-a7cf-4dd0459b537e,0.7798,SKIP
a30cf3e6-d980-4c74-abea-0855831cfbe3,0.0439,NATURAL_END
f208a452-5241-4466-9efb-1e4a41b7cc53,0.0909,SKIP
9921c299-0d89-499e-8f86-4ccd4c4aead5,0.6013,SKIP
1fd1007c-7edf-46e4-a115-a78fce5a823c,0.4243,SKIP
9b288450-5166-4a42-80c0-b1d55141990d,0.2329,NATURAL_END
d5509a63-59d1-474a-aa77-e0ae019c1f87,0.72,NATURAL_END
81bcd09b-196a-406f-9548-d4506ad1c47b,0.38,NATURAL_END
03a0199b-1ad1-43b8-9a4f-a291eb28e19b,0.1637,SKIP
866ec43d-d203-412a-ab6a-7f7d8412741f,0.8575,SKIP
5f7c9f0e-5643-4c20-883c-96e795492453,0.6475,SKIP
4322b4cf-d94a-4389-af19-6bd4bd8ffd35,0.4029,NATURAL_END
c6c1f745-9db0-47c6-8640-d43c93b4bf41,0.1512,NATURAL_END
9d8efb35-6036-4a18-8b16-24bdc00dced0,0.6032,NATURAL_END
4404d32c-d14d-4e61-8678-df1c419d837e,0.1854,NATURAL_END
65c5da64-9661-4c8f-99a8-0117b28f7d05,0.3536,NATURAL_END
b6e4c792-97de-48a9-ae1b-2aadb8b54dc8,0.7539,NATURAL_END
c1468864-516d-44bd-85c4-3cddaefa39a7,0.5859,NATURAL_END
e7af167a-d247-44af-92db-a0deca190780,0.9013,SKIP
84780627-5d6d-40f1-957e-eafc2904950a,0.9753,SKIP
2eec01e2-c98f-444a-9632-7e9da27ef75b,0.0963,SKIP
e50b1937-20a6-4fb4-bbff-ed4b819bcb82,0.0532,SKIP
efb63f77-8f15-47d6-8eb7-abb1baad21e7,0.78,NATURAL_END
26e8b124-12f5-4fd4-9a66-df4d18034165,0.36,SKIP
461fd79f-6904-40b3-b1c8-99bb927d83dd,0.8722,NATURAL_END
b75928a6-aeda-4109-8a6a-85183169fd7a,0.9459,NATURAL_END
fcd2d4fb-e69c-4c77-865c-7350489e4e0b,0.6717,SKIP
68f3646d-6e28-4054-a69b-3637e7be75d6,0.8424,SKIP
cdfa93e6-56a9-445b-a895-9a3d54e5554f,0.8844,NATURAL_END
c15a4c08-e6bd-4a2e-ba91-9f52ed90d352,0.2711,NATURAL_END
3b6ad8fb-c10c-486c-8859-9e156947d680,0.6136,NATURAL_END
a6343d90-9531-4ae2-92fd-9e009a0beceb,0.2557,SKIP
ae25d32b-008e-495d-8f6f-d652ff7d091e,0.8118,NATURAL_END
198adbab-599a-41ee-81c7-546c326e29d5,0.7812,NATURAL_END
386b0e51-9a78-4033-b441-48724d26c9c5,0.4444,SKIP
aae61b18-aca8-4fc1-a057-40e8fed5f156,0.9832,NATURAL_END
42cf001c-d3ef-4174-b8cd-bdee736a89d7,0.3124,SKIP
6e075076-f580-4863-9729-e11b544abd36,0.2008,NATURAL_END
a6fd9aa2-7c34-41dd-9e9f-183c6d80e1a9,0.0166,SKIP
f1e84998-0786-4d33-bb33-1d87b5ba90e4,0.1943,NATURAL_END
a194d67b-d6a2-471f-ab1a-e1e1f3c22f05,0.7265,SKIP
1d6c8694-4477-4e89-9aab-b81cf52c94b0,0.2984,NATURAL_END
0b0ba713-aef5-453b-8ad4-3b41bcd81320,0.8725,NATURAL_END
4e196ce8-9728-4e55-94a0-79cd9ab57e64,0.4703,NATURAL_END
77d04229-46da-4ba0-b4ef-31199a2341c0,0.8635,NATURAL_END
f9685930-f36c-4496-82c8-3772b6b05161,0.0625,NATURAL_END
83306f20-3add-4baf-92d6-f87ae6d25a97,0.6201,SKIP
7b75f5e1-37d4-4a29-a92c-b06296ac020c,0.3361,SKIP
ea6eac9e-19c4-489c-a9c7-ae3c7801d341,0.82,SKIP
0580367c-1c30-4e1c-ac7c-8af12a613762,0.7059,SKIP
ecd08db3-cac7-4031-accf-d90a33078f25,0.6337,SKIP
eecff291-d912-4629-92bd-a027ce5a1f52,0.55,NATURAL_END
2017a825-61b8-45c8-8b56-616386713354,0.4359,SKIP
3ffce8db-6045-43b0-84f5-4527d2ba48d1,0.3999,NATURAL_END
701509ef-b5eb-4e51-951f-89f5e14456af,0.9338,NATURAL_END
d6819fc1-4f4c-42d6-92db-aa259959bfd7,0.4764,SKIP
4ae2c68a-c1ac-4346-a630-dfce41d42b2d,0.1888,NATURAL_END
51652c82-e22d-4a65-917e-0a585c73ab1c,0.1163,SKIP
bb5af2b5-2c22-4be2-abbb-67edf87690b6,0.39,NATURAL_END
84425149-1f05-4ae4-be78-04540af46d9d,0.5862,SKIP
b66c5472-b652-427b-8a29-de336db3839b,0.4411,NATURAL_END
8b064e30-4129-45f6-ba19-40dc3b6cd5fb,0.0425,SKIP
a826e94c-b536-4d5a-9815-0bc0a35a6e5c,0.8267,NATURAL_END
4dfd5e60-7728-4256-9b37-0cca4a24bf45,0.2123,SKIP
fc61eed3-e1f9-4c32-bc03-5df35cedd82c,0.9383,SKIP
6bb28403-d9cc-45ab-b1a2-19d635131a71,0.2284,SKIP
46bd9349-ec8b-4b69-8888-4a3ef7610c8b,0.3374,NATURAL_END
11abb91c-a142-445c-9708-f883ef90bc28,0.1196,NATURAL_END
127735e8-be26-4778-860c-77208d88bb12,0.8797,NATURAL_END
2d19f613-bf13-4812-bb1c-39042caffbe8,0.2215,NATURAL_END
117aa07f-3e2a-4d7d-b1c9-44efdc652167,0.6188,SKIP
5b8c7c0b-4013-4e11-b305-6e5d6d32c219,0.4914,NATURAL_END
ba27e412-d17d-494f-9c14-fa106e5e0f0d,0.7077,NATURAL_END
effc4454-9740-4811-8693-5ce66c48dfbc,0.8499,NATURAL_END
2ce3cabf-ed76-4e03-8f5d-081c25bba2b0,0.8112,NATURAL_END
494e1b71-535f-43df-be7e-b35415641ebe,0.91,NATURAL_END
a28960fd-9bfb-494c-9228-449ce7b4ba81,0.4518,SKIP
549e1983-1ee2-40eb-8d67-de0c4a374de5,0.8284,SKIP
bb6ee012-7ffa-4a89-a7cf-4dd0459b537e,0.2534,SKIP
a30cf3e6-d980-4c74-abea-0855831cfbe3,0.6456,SKIP
f208a452-5241-4466-9efb-1e4a41b7cc53,0.3823,SKIP
9921c299-0d89-499e-8f86-4ccd4c4aead5,0.58,SKIP
1fd1007c-7edf-46e4-a115-a78fce5a823c,0.3055,SKIP
9b288450-5166-4a42-80c0-b1d55141990d,0.6902,SKIP
d5509a63-59d1-474a-aa77-e0ae019c1f87,0.2084,NATURAL_END
81bcd09b-196a-406f-9548-d4506ad1c47b,0.05,SKIP
03a0199b-1ad1-43b8-9a4f-a291eb28e19b,0.7712,NATURAL_END
866ec43d-d203-412a-ab6a-7f7d8412741f,0.5599,NATURAL_END
5f7c9f0e-5643-4c20-883c-96e795492453,0.1867,SKIP
4322b4cf-d94a-4389-af19-6bd4bd8ffd35,0.1806,SKIP
c6c1f745-9db0-47c6-8640-d43c93b4bf41,0.8887,SKIP
9d8efb35-6036-4a18-8b16-24bdc00dced0,0.2568,SKIP
4404d32c-d14d-4e61-8678-df1c419d837e,0.4016,SKIP
65c5da64-9661-4c8f-99a8-0117b28f7d05,0.2898,SKIP
b6e4c792-97de-48a9-ae1b-2aadb8b54dc8,0.1537,SKIP
c1468864-516d-44bd-85c4-3cddaefa39a7,0.2763,SKIP
e7af167a-d247-44af-92db-a0deca190780,0.5213,SKIP
84780627-5d6d-40f1-957e-eafc2904950a,0.45,SKIP
2eec01e2-c98f-444a-9632-7e9da27ef75b,0.4854,SKIP
e50b1937-20a6-4fb4-bbff-ed4b819bcb82,0.8026,SKIP
efb63f77-8f15-47d6-8eb7-abb1baad21e7,0.76,NATURAL_END
26e8b124-12f5-4fd4-9a66-df4d18034165,0.3518,NATURAL_END
461fd79f-6904-40b3-b1c8-99bb927d83dd,0.0581,SKIP
b75928a6-aeda-4109-8a6a-85183169fd7a,0.69,NATURAL_END
fcd2d4fb-e69c-4c77-865c-7350489e4e0b,0.9766,SKIP
68f3646d-6e28-4054-a69b-3637e7be75d6,0.7099,SKIP
cdfa93e6-56a9-445b-a895-9a3d54e5554f,0.8787,NATURAL_END
c15a4c08-e6bd-4a2e-ba91-9f52ed90d352,0.6764,SKIP
3b6ad8fb-c10c-486c-8859-9e156947d680,0.7083,NATURAL_END
a6343d90-9531-4ae2-92fd-9e009a0beceb,0.6789,NATURAL_END
ae25d32b-008e-495d-8f6f-d652ff7d091e,0.91,SKIP
198adbab-599a-41ee-81c7-546c326e29d5,0.5031,SKIP
386b0e51-9a78-4033-b441-48724d26c9c5,1,NATURAL_END
aae61b18-aca8-4fc1-a057-40e8fed5f156,0.8711,NATURAL_END
42cf001c-d3ef-4174-b8cd-bdee736a89d7,0.3258,SKIP
6e075076-f580-4863-9729-e11b544abd36,0.1302,NATURAL_END
a6fd9aa2-7c34-41dd-9e9f-183c6d80e1a9,0.2514,SKIP
f1e84998-0786-4d33-bb33-1d87b5ba90e4,0.4798,SKIP
a194d67b-d6a2-471f-ab1a-e1e1f3c22f05,0.28,SKIP
1d6c8694-4477-4e89-9aab-b81cf52c94b0,0.1909,SKIP
0b0ba713-aef5-453b-8ad4-3b41bcd81320,0.8952,NATURAL_END
4e196ce8-9728-4e55-94a0-79cd9ab57e64,0.7549,NATURAL_END
77d04229-46da-4ba0-b4ef-31199a2341c0,0.0307,NATURAL_END
f9685930-f36c-4496-82c8-3772b6b05161,0.5522,SKIP
83306f20-3add-4baf-92d6-f87ae6d25a97,0.9924,SKIP
7b75f5e1-37d4-4a29-a92c-b06296ac020c,0.6948,NATURAL_END
ea6eac9e-19c4-489c-a9c7-ae3c7801d341,0.3004,NATURAL_END
0580367c-1c30-4e1c-ac7c-8af12a613762,1,SKIP
ecd08db3-cac7-4031-accf-d90a33078f25,0.9947,NATURAL_END
eecff291-d912-4629-92bd-a027ce5a1f52,0.3723,SKIP
2017a825-61b8-45c8-8b56-616386713354,0.6693,NATURAL_END
3ffce8db-6045-43b0-84f5-4527d2ba48d1,0.3076,SKIP
701509ef-b5eb-4e51-951f-89f5e14456af,0.9785,NATURAL_END
d6819fc1-4f4c-42d6-92db-aa259959bfd7,1,SKIP
4ae2c68a-c1ac-4346-a630-dfce41d42b2d,0.6552,SKIP
51652c82-e22d-4a65-917e-0a585c73ab1c,0.7577,NATURAL_END
bb5af2b5-2c22-4be2-abbb-67edf87690b6,0.17,NATURAL_END
84425149-1f05-4ae4-be78-04540af46d9d,0.8515,SKIP
b66c5472-b652-427b-8a29-de336db3839b,0.3112,NATURAL_END
8b064e30-4129-45f6-ba19-40dc3b6cd5fb,0.7639,SKIP
a826e94c-b536-4d5a-9815-0bc0a35a6e5c,1,SKIP
4dfd5e60-7728-4256-9b37-0cca4a24bf45,0.2779,SKIP
fc61eed3-e1f9-4c32-bc03-5df35cedd82c,1,SKIP
6bb28403-d9cc-45ab-b1a2-19d635131a71,0.4243,NATURAL_END
46bd9349-ec8b-4b69-8888-4a3ef7610c8b,0.1415,SKIP
11abb91c-a142-445c-9708-f883ef90bc28,0.4365,SKIP
127735e8-be26-4778-860c-77208d88bb12,0.5327,NATURAL_END
2d19f613-bf13-4812-bb1c-39042caffbe8,0.4255,SKIP
117aa07f-3e2a-4d7d-b1c9-44efdc652167,1,SKIP
5b8c7c0b-4013-4e11-b305-6e5d6d32c219,0.6757,NATURAL_END
ba27e412-d17d-494f-9c14-fa106e5e0f0d,0.1035,NATURAL_END
effc4454-9740-4811-8693-5ce66c48dfbc,0.4495,SKIP
2ce3cabf-ed76-4e03-8f5d-081c25bba2b0,0.3186,NATURAL_END
494e1b71-535f-43df-be7e-b35415641ebe,0.9646,SKIP
a28960fd-9bfb-494c-9228-449ce7b4ba81,0.9654,SKIP
549e1983-1ee2-40eb-8d67-de0c4a374de5,0.8534,SKIP
bb6ee012-7ffa-4a89-a7cf-4dd0459b537e,0.4931,NATURAL_END
a30cf3e6-d980-4c74-abea-0855831cfbe3,0.7377,SKIP
f208a452-5241-4466-9efb-1e4a41b7cc53,0.54,SKIP
9921c299-0d89-499e-8f86-4ccd4c4aead5,0.6515,NATURAL_END
1fd1007c-7edf-46e4-a115-a78fce5a823c,0.7745,SKIP
9b288450-5166-4a42-80c0-b1d55141990d,1,SKIP
d5509a63-59d1-474a-aa77-e0ae019c1f87,0.9756,SKIP
81bcd09b-196a-406f-9548-d4506ad1c47b,0.2967,NATURAL_END
03a0199b-1ad1-43b8-9a4f-a291eb28e19b,0.5655,SKIP
866ec43d-d203-412a-ab6a-7f7d8412741f,0.25,NATURAL_END
5f7c9f0e-5643-4c20-883c-96e795492453,0.6627,NATURAL_END
4322b4cf-d94a-4389-af19-6bd4bd8ffd35,0.0379,SKIP
c6c1f745-9db0-47c6-8640-d43c93b4bf41,0.4256,SKIP
9d8efb35-6036-4a18-8b16-24bdc00dced0,0.6044,NATURAL_END
4404d32c-d14d-4e61-8678-df1c419d837e,0.3178,NATURAL_END
65c5da64-9661-4c8f-99a8-0117b28f7d05,0.6111,SKIP
b6e4c792-97de-48a9-ae1b-2aadb8b54dc8,0.8972,SKIP
c1468864-516d-44bd-85c4-3cddaefa39a7,0.2123,SKIP
e7af167a-d247-44af-92db-a0deca190780,1,NATURAL_END
84780627-5d6d-40f1-957e-eafc2904950a,0.9114,NATURAL_END
2eec01e2-c98f-444a-9632-7e9da27ef75b,0.1389,SKIP
e50b1937-20a6-4fb4-bbff-ed4b819bcb82,0.9813,SKIP
efb63f77-8f15-47d6-8eb7-abb1baad21e7,0.92,NATURAL_END
26e8b124-12f5-4fd4-9a66-df4d18034165,0.1899,NATURAL_END
461fd79f-6904-40b3-b1c8-99bb927d83dd,0.0537,NATURAL_END
b75928a6-aeda-4109-8a6a-85183169fd7a,0.1141,SKIP
fcd2d4fb-e69c-4c77-865c-7350489e4e0b,0.1,NATURAL_END
68f3646d-6e28-4054-a69b-3637e7be75d6,0.2197,NATURAL_END
cdfa93e6-56a9-445b-a895-9a3d54e5554f,0.7846,NATURAL_END
c15a4c08-e6bd-4a2e-ba91-9f52ed90d352,0.5513,SKIP
3b6ad8fb-c10c-486c-8859-9e156947d680,0.3109,NATURAL_END
a6343d90-9531-4ae2-92fd-9e009a0beceb,0.2837,NATURAL_END
ae25d32b-008e-495d-8f6f-d652ff7d091e,1,NATURAL_END
198adbab-599a-41ee-81c7-546c326e29d5,0.4595,SKIP
386b0e51-9a78-4033-b441-48724d26c9c5,0.8907,SKIP
aae61b18-aca8-4fc1-a057-40e8fed5f156,0.8911,NATURAL_END
42cf001c-d3ef-4174-b8cd-bdee736a89d7,0.3204,NATURAL_END
6e075076-f580-4863-9729-e11b544abd36,0.9785,NATURAL_END
a6fd9aa2-7c34-41dd-9e9f-183c6d80e1a9,0.1851,SKIP
f1e84998-0786-4d33-bb33-1d87b5ba90e4,0.3346,NATURAL_END
a194d67b-d6a2-471f-ab1a-e1e1f3c22f05,0.4279,NATURAL_END
1d6c8694-4477-4e89-9aab-b81cf52c94b0,0.8419,SKIP
0b0ba713-aef5-453b-8ad4-3b41bcd81320,0.2613,SKIP
4e196ce8-9728-4e55-94a0-79cd9ab57e64,0.1288,SKIP
77d04229-46da-4ba0-b4ef-31199a2341c0,0.3361,SKIP
f9685930-f36c-4496-82c8-3772b6b05161,0.7863,NATURAL_END
83306f20-3add-4baf-92d6-f87ae6d25a97,0.78,NATURAL_END
7b75f5e1-37d4-4a29-a92c-b06296ac020c,0.9002,NATURAL_END
ea6eac9e-19c4-489c-a9c7-ae3c7801d341,0.9566,NATURAL_END
0580367c-1c30-4e1c-ac7c-8af12a613762,0.4804,NATURAL_END
ecd08db3-cac7-4031-accf-d90a33078f25,0.19,SKIP
eecff291-d912-4629-92bd-a027ce5a1f52,0.2929,NATURAL_END
2017a825-61b8-45c8-8b56-616386713354,0.4439,NATURAL_END
3ffce8db-6045-43b0-84f5-4527d2ba48d1,0.2182,SKIP
701509ef-b5eb-4e51-951f-89f5e14456af,0.9413,SKIP
d6819fc1-4f4c-42d6-92db-aa259959bfd7,1,NATURAL_END
4ae2c68a-c1ac-4346-a630-dfce41d42b2d,0.1199,NATURAL_END
51652c82-e22d-4a65-917e-0a585c73ab1c,0.4469,SKIP
bb5af2b5-2c22-4be2-abbb-67edf87690b6,0.9877,SKIP
84425149-1f05-4ae4-be78-04540af46d9d,0.74,NATURAL_END
b66c5472-b652-427b-8a29-de336db3839b,0.0435,NATURAL_END
8b064e30-4129-45f6-ba19-40dc3b6cd5fb,0.6292,NATURAL_END
a826e94c-b536-4d5a-9815-0bc0a35a6e5c,1,NATURAL_END
4dfd5e60-7728-4256-9b37-0cca4a24bf45,0.5182,SKIP
fc61eed3-e1f9-4c32-bc03-5df35cedd82c,0.9889,NATURAL_END
6bb28403-d9cc-45ab-b1a2-19d635131a71,0.4748,SKIP
46bd9349-ec8b-4b69-8888-4a3ef7610c8b,0.4592,SKIP
11abb91c-a142-445c-9708-f883ef90bc28,0.7192,NATURAL_END
127735e8-be26-4778-860c-77208d88bb12,0.45,SKIP
2d19f613-bf13-4812-bb1c-39042caffbe8,0.02,SKIP
117aa07f-3e2a-4d7d-b1c9-44efdc652167,1,NATURAL_END
5b8c7c0b-4013-4e11-b305-6e5d6d32c219,0.9104,SKIP
ba27e412-d17d-494f-9c14-fa106e5e0f0d,0.7638,NATURAL_END
effc4454-9740-4811-8693-5ce66c48dfbc,0.7866,NATURAL_END
2ce3cabf-ed76-4e03-8f5d-081c25bba2b0,0.7049,SKIP
494e1b71-535f-43df-be7e-b35415641ebe,0.1858,NATURAL_END
a28960fd-9bfb-494c-9228-449ce7b4ba81,0.7924,NATURAL_END
549e1983-1ee2-40eb-8d67-de0c4a374de5,0.0841,SKIP
bb6ee012-7ffa-4a89-a7cf-4dd0459b537e,0.2136,SKIP
a30cf3e6-d980-4c74-abea-0855831cfbe3,0.9891,NATURAL_END
f208a452-5241-4466-9efb-1e4a41b7cc53,0.9481,NATURAL_END
9921c299-0d89-499e-8f86-4ccd4c4aead5,0.63,NATURAL_END
1fd1007c-7edf-46e4-a115-a78fce5a823c,0.4389,SKIP
9b288450-5166-4a42-80c0-b1d55141990d,0.9152,NATURAL_END
d5509a63-59d1-474a-aa77-e0ae019c1f87,0.6307,SKIP
81bcd09b-196a-406f-9548-d4506ad1c47b,0.3607,NATURAL_END
03a0199b-1ad1-43b8-9a4f-a291eb28e19b,1,SKIP
866ec43d-d203-412a-ab6a-7f7d8412741f,0.5142,NATURAL_END
5f7c9f0e-5643-4c20-883c-96e795492453,0.7052,SKIP
4322b4cf-d94a-4389-af19-6bd4bd8ffd35,0.4542,NATURAL_END
c6c1f745-9db0-47c6-8640-d43c93b4bf41,1,NATURAL_END
9d8efb35-6036-4a18-8b16-24bdc00dced0,0.1215,NATURAL_END
4404d32c-d14d-4e61-8678-df1c419d837e,0.2163,NATURAL_END
65c5da64-9661-4c8f-99a8-0117b28f7d05,0.7911,NATURAL_END
b6e4c792-97de-48a9-ae1b-2aadb8b54dc8,0.75,NATURAL_END
c1468864-516d-44bd-85c4-3cddaefa39a7,0.2435,NATURAL_END
e7af167a-d247-44af-92db-a0deca190780,0.1542,NATURAL_END
84780627-5d6d-40f1-957e-eafc2904950a,0.8349,NATURAL_END
2eec01e2-c98f-444a-9632-7e9da27ef75b,0.5134,SKIP
e50b1937-20a6-4fb4-bbff-ed4b819bcb82,0.0461,NATURAL_END
efb63f77-8f15-47d6-8eb7-abb1baad21e7,0.78,NATURAL_END
26e8b124-12f5-4fd4-9a66-df4d18034165,1,SKIP
461fd79f-6904-40b3-b1c8-99bb927d83dd,0.09,SKIP
b75928a6-aeda-4109-8a6a-85183169fd7a,0.81,SKIP
fcd2d4fb-e69c-4c77-865c-7350489e4e0b,0.4114,NATURAL_END
68f3646d-6e28-4054-a69b-3637e7be75d6,0.7517,NATURAL_END
cdfa93e6-56a9-445b-a895-9a3d54e5554f,0.7163,SKIP
c15a4c08-e6bd-4a2e-ba91-9f52ed90d352,0.9458,NATURAL_END
3b6ad8fb-c10c-486c-8859-9e156947d680,0.9473,NATURAL_END
a6343d90-9531-4ae2-92fd-9e009a0beceb,0.7857,SKIP
ae25d32b-008e-495d-8f6f-d652ff7d091e,0.1505,SKIP
198adbab-599a-41ee-81c7-546c326e29d5,0.0955,NATURAL_END
386b0e51-9a78-4033-b441-48724d26c9c5,0.2358,NATURAL_END
aae61b18-aca8-4fc1-a057-40e8fed5f156,0.7162,NATURAL_END
42cf001c-d3ef-4174-b8cd-bdee736a89d7,0.5562,NATURAL_END
6e075076-f580-4863-9729-e11b544abd36,0.4831,NATURAL_END
a6fd9aa2-7c34-41dd-9e9f-183c6d80e1a9,0.5887,SKIP
f1e84998-0786-4d33-bb33-1d87b5ba90e4,0.9265,SKIP
a194d67b-d6a2-471f-ab1a-e1e1f3c22f05,0.9145,SKIP
1d6c8694-4477-4e89-9aab-b81cf52c94b0,0.1263,SKIP
0b0ba713-aef5-453b-8ad4-3b41bcd81320,0.2831,NATURAL_END
4e196ce8-9728-4e55-94a0-79cd9ab57e64,0.15,SKIP
77d04229-46da-4ba0-b4ef-31199a2341c0,0.3418,NATURAL_END
f9685930-f36c-4496-82c8-3772b6b05161,0.37,SKIP
83306f20-3add-4baf-92d6-f87ae6d25a97,0.2936,NATURAL_END
7b75f5e1-37d4-4a29-a92c-b06296ac020c,0.5652,NATURAL_END
ea6eac9e-19c4-489c-a9c7-ae3c7801d341,0.8134,SKIP
0580367c-1c30-4e1c-ac7c-8af12a613762,1,SKIP
ecd08db3-cac7-4031-accf-d90a33078f25,0.3292,NATURAL_END
eecff291-d912-4629-92bd-a027ce5a1f52,1,SKIP
2017a825-61b8-45c8-8b56-616386713354,0.7204,NATURAL_END
3ffce8db-6045-43b0-84f5-4527d2ba48d1,0.7725,NATURAL_END
701509ef-b5eb-4e51-951f-89f5e14456af,0.1906,SKIP
d6819fc1-4f4c-42d6-92db-aa259959bfd7,0.7886,NATURAL_END
4ae2c68a-c1ac-4346-a630-dfce41d42b2d,0.7302,NATURAL_END
51652c82-e22d-4a65-917e-0a585c73ab1c,0.2379,SKIP
bb5af2b5-2c22-4be2-abbb-67edf87690b6,0.7656,NATURAL_END
84425149-1f05-4ae4-be78-04540af46d9d,0.8,NATURAL_END
b66c5472-b652-427b-8a29-de336db3839b,0.6327,SKIP
8b064e30-4129-45f6-ba19-40dc3b6cd5fb,0.4048,SKIP
a826e94c-b536-4d5a-9815-0bc0a35a6e5c,0.9414,NATURAL_END
4dfd5e60-7728-4256-9b37-0cca4a24bf45,0.2615,SKIP
fc61eed3-e1f9-4c32-bc03-5df35cedd82c,0.8103,NATURAL_END
6bb28403-d9cc-45ab-b1a2-19d635131a71,0.7316,NATURAL_END
46bd9349-ec8b-4b69-8888-4a3ef7610c8b,0.43,SKIP
11abb91c-a142-445c-9708-f883ef90bc28,0.1757,NATURAL_END
127735e8-be26-4778-860c-77208d88bb12,0.4958,NATURAL_END
2d19f613-bf13-4812-bb1c-39042caffbe8,0.6505,SKIP
117aa07f-3e2a-4d7d-b1c9-44efdc652167,0.5586,NATURAL_END
5b8c7c0b-4013-4e11-b305-6e5d6d32c219,0.4312,NATURAL_END
ba27e412-d17d-494f-9c14-fa106e5e0f0d,0.6507,NATURAL_END
effc4454-9740-4811-8693-5ce66c48dfbc,0.76,NATURAL_END
2ce3cabf-ed76-4e03-8f5d-081c25bba2b0,0.7618,NATURAL_END
494e1b71-535f-43df-be7e-b35415641ebe,0.21,NATURAL_END
a28960fd-9bfb-494c-9228-449ce7b4ba81,0.2343,NATURAL_END
549e1983-1ee2-40eb-8d67-de0c4a374de5,0.7248,NATURAL_END
bb6ee012-7ffa-4a89-a7cf-4dd0459b537e,0.8841,NATURAL_END
a30cf3e6-d980-4c74-abea-0855831cfbe3,0.5217,SKIP
f208a452-5241-4466-9efb-1e4a41b7cc53,0.3155,NATURAL_END
9921c299-0d89-499e-8f86-4ccd4c4aead5,0.0771,NATURAL_END
1fd1007c-7edf-46e4-a115-a78fce5a823c,0.2837,NATURAL_END
9b288450-5166-4a42-80c0-b1d55141990d,0.4,NATURAL_END
d5509a63-59d1-474a-aa77-e0ae019c1f87,0.2288,NATURAL_END
81bcd09b-196a-406f-9548-d4506ad1c47b,0.2015,NATURAL_END
03a0199b-1ad1-43b8-9a4f-a291eb28e19b,0.5105,SKIP
866ec43d-d203-412a-ab6a-7f7d8412741f,0.0311,NATURAL_END
5f7c9f0e-5643-4c20-883c-96e795492453,0.8719,SKIP
4322b4cf-d94a-4389-af19-6bd4bd8ffd35,0.1894,NATURAL_END
c6c1f745-9db0-47c6-8640-d43c93b4bf41,0.8455,SKIP
9d8efb35-6036-4a18-8b16-24bdc00dced0,1,NATURAL_END
4404d32c-d14d-4e61-8678-df1c419d837e,0.4011,SKIP
65c5da64-9661-4c8f-99a8-0117b28f7d05,0.8466,NATURAL_END
b6e4c792-97de-48a9-ae1b-2aadb8b54dc8,0.7763,NATURAL_END
c1468864-516d-44bd-85c4-3cddaefa39a7,0.0954,NATURAL_END
e7af167a-d247-44af-92db-a0deca190780,0.3924,SKIP
84780627-5d6d-40f1-957e-eafc2904950a,0.9888,SKIP
2eec01e2-c98f-444a-9632-7e9da27ef75b,0.76,SKIP
e50b1937-20a6-4fb4-bbff-ed4b819bcb82,0.9505,SKIP
efb63f77-8f15-47d6-8eb7-abb1baad21e7,0.89,NATURAL_END
26e8b124-12f5-4fd4-9a66-df4d18034165,0.8616,SKIP
461fd79f-6904-40b3-b1c8-99bb927d83dd,0.9185,NATURAL_END
b75928a6-aeda-4109-8a6a-85183169fd7a,0.4326,NATURAL_END
fcd2d4fb-e69c-4c77-865c-7350489e4e0b,0.4162,SKIP
68f3646d-6e28-4054-a69b-3637e7be75d6,0.27,NATURAL_END
cdfa93e6-56a9-445b-a895-9a3d54e5554f,0.1758,SKIP
c15a4c08-e6bd-4a2e-ba91-9f52ed90d352,0.21,SKIP
3b6ad8fb-c10c-486c-8859-9e156947d680,0.7496,SKIP
a6343d90-9531-4ae2-92fd-9e009a0beceb,0.2868,NATURAL_END
ae25d32b-008e-495d-8f6f-d652ff7d091e,0.4136,NATURAL_END
198adbab-599a-41ee-81c7-546c326e29d5,0.1289,SKIP
386b0e51-9a78-4033-b441-48724d26c9c5,0.9154,SKIP
aae61b18-aca8-4fc1-a057-40e8fed5f156,0.83,NATURAL_END
42cf001c-d3ef-4174-b8cd-bdee736a89d7,0.2201,SKIP
6e075076-f580-4863-9729-e11b544abd36,0.5551,NATURAL_END
a6fd9aa2-7c34-41dd-9e9f-183c6d80e1a9,0.9013,NATURAL_END
f1e84998-0786-4d33-bb33-1d87b5ba90e4,0.5658,NATURAL_END
a194d67b-d6a2-471f-ab1a-e1e1f3c22f05,0.9892,NATURAL_END
1d6c8694-4477-4e89-9aab-b81cf52c94b0,0.9827,SKIP
0b0ba713-aef5-453b-8ad4-3b41bcd81320,0.9606,SKIP
4e196ce8-9728-4e55-94a0-79cd9ab57e64,0.9726,NATURAL_END
77d04229-46da-4ba0-b4ef-31199a2341c0,0.61,SKIP
f9685930-f36c-4496-82c8-3772b6b05161,0.9971,NATURAL_END
83306f20-3add-4baf-92d6-f87ae6d25a97,0.1239,NATURAL_END
7b75f5e1-37d4-4a29-a92c-b06296ac020c,0.2209,SKIP
ea6eac9e-19c4-489c-a9c7-ae3c7801d341,0.6387,SKIP
0580367c-1c30-4e1c-ac7c-8af12a613762,0.6667,SKIP
ecd08db3-cac7-4031-accf-d90a33078f25,0.6293,NATURAL_END
eecff291-d912-4629-92bd-a027ce5a1f52,0.9722,SKIP
2017a825-61b8-45c8-8b56-616386713354,0.61,NATURAL_END
3ffce8db-6045-43b0-84f5-4527d2ba48d1,0.39,NATURAL_END
701509ef-b5eb-4e51-951f-89f5e14456af,0.5851,NATURAL_END
d6819fc1-4f4c-42d6-92db-aa259959bfd7,0.9412,SKIP
4ae2c68a-c1ac-4346-a630-dfce41d42b2d,0.7202,NATURAL_END
51652c82-e22d-4a65-917e-0a585c73ab1c,0.32,SKIP
bb5af2b5-2c22-4be2-abbb-67edf87690b6,0.6532,SKIP
84425149-1f05-4ae4-be78-04540af46d9d,0.7439,SKIP
b66c5472-b652-427b-8a29-de336db3839b,0.1292,SKIP
8b064e30-4129-45f6-ba19-40dc3b6cd5fb,0.4413,NATURAL_END
a826e94c-b536-4d5a-9815-0bc0a35a6e5c,0.1753,SKIP
4dfd5e60-7728-4256-9b37-0cca4a24bf45,0.4347,SKIP
fc61eed3-e1f9-4c32-bc03-5df35cedd82c,0.5729,SKIP
6bb28403-d9cc-45ab-b1a2-19d635131a71,0.8598,NATURAL_END
46bd9349-ec8b-4b69-8888-4a3ef7610c8b,1,SKIP
11abb91c-a142-445c-9708-f883ef90bc28,0.6191,NATURAL_END
127735e8-be26-4778-860c-77208d88bb12,0.4282,SKIP
2d19f613-bf13-4812-bb1c-39042caffbe8,0.2255,SKIP
117aa07f-3e2a-4d7d-b1c9-44efdc652167,0.3982,NATURAL_END
5b8c7c0b-4013-4e11-b305-6e5d6d32c219,0.64,NATURAL_END
ba27e412-d17d-494f-9c14-fa106e5e0f0d,0.4319,SKIP
effc4454-9740-4811-8693-5ce66c48dfbc,0.7433,NATURAL_END
2ce3cabf-ed76-4e03-8f5d-081c25bba2b0,0.92,NATURAL_END
494e1b71-535f-43df-be7e-b35415641ebe,0.0808,NATURAL_END
a28960fd-9bfb-494c-9228-449ce7b4ba81,0.1351,NATURAL_END
549e1983-1ee2-40eb-8d67-de0c4a374de5,0.7861,SKIP
bb6ee012-7ffa-4a89-a7cf-4dd0459b537e,0.8544,NATURAL_END
a30cf3e6-d980-4c74-abea-0855831cfbe3,0.1717,NATURAL_END
f208a452-5241-4466-9efb-1e4a41b7cc53,0.2736,NATURAL_END
9921c299-0d89-499e-8f86-4ccd4c4aead5,0.3812,SKIP
1fd1007c-7edf-46e4-a115-a78fce5a823c,0.5887,SKIP
9b288450-5166-4a42-80c0-b1d55141990d,0.5851,NATURAL_END
d5509a63-59d1-474a-aa77-e0ae019c1f87,0.9039,NATURAL_END
81bcd09b-196a-406f-9548-d4506ad1c47b,0.9852,NATURAL_END
03a0199b-1ad1-43b8-9a4f-a291eb28e19b,0.2883,SKIP
866ec43d-d203-412a-ab6a-7f7d8412741f,0.3362,NATURAL_END
5f7c9f0e-5643-4c20-883c-96e795492453,0.4752,SKIP
4322b4cf-d94a-4389-af19-6bd4bd8ffd35,0.3787,SKIP
c6c1f745-9db0-47c6-8640-d43c93b4bf41,0.7476,NATURAL_END
9d8efb35-6036-4a18-8b16-24bdc00dced0,0.5188,NATURAL_END
4404d32c-d14d-4e61-8678-df1c419d837e,1,NATURAL_END
65c5da64-9661-4c8f-99a8-0117b28f7d05,0.1354,NATURAL_END
b6e4c792-97de-48a9-ae1b-2aadb8b54dc8,0.0167,NATURAL_END
c1468864-516d-44bd-85c4-3cddaefa39a7,0.8735,SKIP
e7af167a-d247-44af-92db-a0deca190780,0.4173,SKIP
84780627-5d6d-40f1-957e-eafc2904950a,0.1485,NATURAL_END
2eec01e2-c98f-444a-9632-7e9da27ef75b,0.85,NATURAL_END
e50b1937-20a6-4fb4-bbff-ed4b819bcb82,0.0664,SKIP
efb63f77-8f15-47d6-8eb7-abb1baad21e7,0.86,NATURAL_END
26e8b124-12f5-4fd4-9a66-df4d18034165,0.2354,NATURAL_END
461fd79f-6904-40b3-b1c8-99bb927d83dd,0.0097,NATURAL_END
b75928a6-aeda-4109-8a6a-85183169fd7a,0.7214,NATURAL_END
fcd2d4fb-e69c-4c77-865c-7350489e4e0b,0.2153,NATURAL_END
68f3646d-6e28-4054-a69b-3637e7be75d6,0.88,NATURAL_END
cdfa93e6-56a9-445b-a895-9a3d54e5554f,0.3848,SKIP
c15a4c08-e6bd-4a2e-ba91-9f52ed90d352,0.8138,NATURAL_END
3b6ad8fb-c10c-486c-8859-9e156947d680,0.9112,SKIP
a6343d90-9531-4ae2-92fd-9e009a0beceb,0.2443,SKIP
ae25d32b-008e-495d-8f6f-d652ff7d091e,0.8422,NATURAL_END
198adbab-599a-41ee-81c7-546c326e29d5,0.8158,SKIP
386b0e51-9a78-4033-b441-48724d26c9c5,0.8084,SKIP
aae61b18-aca8-4fc1-a057-40e8fed5f156,0.8117,NATURAL_END
42cf001c-d3ef-4174-b8cd-bdee736a89d7,0.6251,SKIP
6e075076-f580-4863-9729-e11b544abd36,0.4635,NATURAL_END
a6fd9aa2-7c34-41dd-9e9f-183c6d80e1a9,0.63,SKIP
f1e84998-0786-4d33-bb33-1d87b5ba90e4,1,SKIP
a194d67b-d6a2-471f-ab1a-e1e1f3c22f05,0.1867,NATURAL_END
1d6c8694-4477-4e89-9aab-b81cf52c94b0,0.3056,NATURAL_END
0b0ba713-aef5-453b-8ad4-3b41bcd81320,0.7907,NATURAL_END
4e196ce8-9728-4e55-94a0-79cd9ab57e64,0.9439,NATURAL_END
77d04229-46da-4ba0-b4ef-31199a2341c0,0.8924,NATURAL_END
f9685930-f36c-4496-82c8-3772b6b05161,0.8887,NATURAL_END
83306f20-3add-4baf-92d6-f87ae6d25a97,0.2193,SKIP
7b75f5e1-37d4-4a29-a92c-b06296ac020c,0.9945,SKIP
ea6eac9e-19c4-489c-a9c7-ae3c7801d341,0.3669,NATURAL_END
0580367c-1c30-4e1c-ac7c-8af12a613762,0.1386,SKIP
ecd08db3-cac7-4031-accf-d90a33078f25,0.7145,NATURAL_END
eecff291-d912-4629-92bd-a027ce5a1f52,0.4966,SKIP
2017a825-61b8-45c8-8b56-616386713354,0.25,SKIP
3ffce8db-6045-43b0-84f5-4527d2ba48d1,0.3998,SKIP
701509ef-b5eb-4e51-951f-89f5e14456af,0.0361,SKIP
d6819fc1-4f4c-42d6-92db-aa259959bfd7,0.2704,NATURAL_END
4ae2c68a-c1ac-4346-a630-dfce41d42b2d,0.2398,NATURAL_END
51652c82-e22d-4a65-917e-0a585c73ab1c,0.3164,NATURAL_END
bb5af2b5-2c22-4be2-abbb-67edf87690b6,0.5489,SKIP
84425149-1f05-4ae4-be78-04540af46d9d,0.2618,NATURAL_END
b66c5472-b652-427b-8a29-de336db3839b,0.7105,NATURAL_END
8b064e30-4129-45f6-ba19-40dc3b6cd5fb,0.5508,SKIP
a826e94c-b536-4d5a-9815-0bc0a35a6e5c,0.9305,SKIP
4dfd5e60-7728-4256-9b37-0cca4a24bf45,0.3514,NATURAL_END
fc61eed3-e1f9-4c32-bc03-5df35cedd82c,1,NATURAL_END
6bb28403-d9cc-45ab-b1a2-19d635131a71,0.7708,NATURAL_END
46bd9349-ec8b-4b69-8888-4a3ef7610c8b,0.7261,SKIP
11abb91c-a142-445c-9708-f883ef90bc28,0.2353,SKIP
127735e8-be26-4778-860c-77208d88bb12,0.5816,NATURAL_END
2d19f613-bf13-4812-bb1c-39042caffbe8,0.1611,SKIP
117aa07f-3e2a-4d7d-b1c9-44efdc652167,0.1995,NATURAL_END
5b8c7c0b-4013-4e11-b305-6e5d6d32c219,0.6195,SKIP
ba27e412-d17d-494f-9c14-fa106e5e0f0d,0.0752,SKIP
effc4454-9740-4811-8693-5ce66c48dfbc,0.36,NATURAL_END
2ce3cabf-ed76-4e03-8f5d-081c25bba2b0,0.1563,NATURAL_END
494e1b71-535f-43df-be7e-b35415641ebe,0.9843,NATURAL_END
a28960fd-9bfb-494c-9228-449ce7b4ba81,0.8,NATURAL_END
549e1983-1ee2-40eb-8d67-de0c4a374de5,0.9775,NATURAL_END
bb6ee012-7ffa-4a89-a7cf-4dd0459b537e,0.4908,NATURAL_END
a30cf3e6-d980-4c74-abea-0855831cfbe3,0.4037,SKIP
f208a452-5241-4466-9efb-1e4a41b7cc53,0.3271,SKIP
9921c299-0d89-499e-8f86-4ccd4c4aead5,0.7495,NATURAL_END
1fd1007c-7edf-46e4-a115-a78fce5a823c,0.5436,NATURAL_END
9b288450-5166-4a42-80c0-b1d55141990d,0.9298,SKIP
d5509a63-59d1-474a-aa77-e0ae019c1f87,0.8613,SKIP
81bcd09b-196a-406f-9548-d4506ad1c47b,0.6538,SKIP
03a0199b-1ad1-43b8-9a4f-a291eb28e19b,0.8474,SKIP
866ec43d-d203-412a-ab6a-7f7d8412741f,0.2916,NATURAL_END
5f7c9f0e-5643-4c20-883c-96e795492453,0.6384,SKIP
4322b4cf-d94a-4389-af19-6bd4bd8ffd35,0.1354,NATURAL_END
c6c1f745-9db0-47c6-8640-d43c93b4bf41,0.8859,SKIP
9d8efb35-6036-4a18-8b16-24bdc00dced0,0.7979,NATURAL_END
4404d32c-d14d-4e61-8678-df1c419d837e,0.7921,SKIP
65c5da64-9661-4c8f-99a8-0117b28f7d05,0.3722,NATURAL_END
b6e4c792-97de-48a9-ae1b-2aadb8b54dc8,0.8945,SKIP
c1468864-516d-44bd-85c4-3cddaefa39a7,0.4854,NATURAL_END
e7af167a-d247-44af-92db-a0deca190780,0.1934,NATURAL_END
84780627-5d6d-40f1-957e-eafc2904950a,1,NATURAL_END
2eec01e2-c98f-444a-9632-7e9da27ef75b,0.5891,SKIP
e50b1937-20a6-4fb4-bbff-ed4b819bcb82,0.7,SKIP
efb63f77-8f15-47d6-8eb7-abb1baad21e7,0.84,NATURAL_END
26e8b124-12f5-4fd4-9a66-df4d18034165,0.5832,SKIP
461fd79f-6904-40b3-b1c8-99bb927d83dd,0.6275,SKIP
b75928a6-aeda-4109-8a6a-85183169fd7a,0.2912,SKIP
fcd2d4fb-e69c-4c77-865c-7350489e4e0b,0.4299,NATURAL_END
68f3646d-6e28-4054-a69b-3637e7be75d6,0.7623,SKIP
cdfa93e6-56a9-445b-a895-9a3d54e5554f,0.9793,SKIP
c15a4c08-e6bd-4a2e-ba91-9f52ed90d352,0.3765,SKIP
3b6ad8fb-c10c-486c-8859-9e156947d680,0.5806,SKIP
a6343d90-9531-4ae2-92fd-9e009a0beceb,0.9898,SKIP
ae25d32b-008e-495d-8f6f-d652ff7d091e,0.2062,NATURAL_END
198adbab-599a-41ee-81c7-546c326e29d5,0.3783,NATURAL_END
386b0e51-9a78-4033-b441-48724d26c9c5,0.8779,SKIP
aae61b18-aca8-4fc1-a057-40e8fed5f156,0.8741,NATURAL_END
42cf001c-d3ef-4174-b8cd-bdee736a89d7,0.04,SKIP
6e075076-f580-4863-9729-e11b544abd36,0.6045,SKIP
a6fd9aa2-7c34-41dd-9e9f-183c6d80e1a9,0.1108,NATURAL_END
f1e84998-0786-4d33-bb33-1d87b5ba90e4,0.1509,NATURAL_END
a194d67b-d6a2-471f-ab1a-e1e1f3c22f05,0.61,SKIP
1d6c8694-4477-4e89-9aab-b81cf52c94b0,0.8977,NATURAL_END
0b0ba713-aef5-453b-8ad4-3b41bcd81320,0.4851,SKIP
4e196ce8-9728-4e55-94a0-79cd9ab57e64,0.1946,NATURAL_END
77d04229-46da-4ba0-b4ef-31199a2341c0,0.5847,NATURAL_END
f9685930-f36c-4496-82c8-3772b6b05161,0.79,NATURAL_END
83306f20-3add-4baf-92d6-f87ae6d25a97,0.4635,SKIP
7b75f5e1-37d4-4a29-a92c-b06296ac020c,1,SKIP
ea6eac9e-19c4-489c-a9c7-ae3c7801d341,0.8833,NATURAL_END
0580367c-1c30-4e1c-ac7c-8af12a613762,1,SKIP
ecd08db3-cac7-4031-accf-d90a33078f25,0.3477,NATURAL_END
eecff291-d912-4629-92bd-a027ce5a1f52,1,NATURAL_END
2017a825-61b8-45c8-8b56-616386713354,0.9129,NATURAL_END
3ffce8db-6045-43b0-84f5-4527d2ba48d1,0.1828,SKIP
701509ef-b5eb-4e51-951f-89f5e14456af,0.1309,NATURAL_END
d6819fc1-4f4c-42d6-92db-aa259959bfd7,0.1719,NATURAL_END
4ae2c68a-c1ac-4346-a630-dfce41d42b2d,0.3628,NATURAL_END
51652c82-e22d-4a65-917e-0a585c73ab1c,0.4291,NATURAL_END
bb5af2b5-2c22-4be2-abbb-67edf87690b6,0.7168,NATURAL_END
84425149-1f05-4ae4-be78-04540af46d9d,0.25,NATURAL_END
b66c5472-b652-427b-8a29-de336db3839b,0.3714,SKIP
8b064e30-4129-45f6-ba19-40dc3b6cd5fb,0.8524,NATURAL_END
a826e94c-b536-4d5a-9815-0bc0a35a6e5c,0.3267,NATURAL_END
4dfd5e60-7728-4256-9b37-0cca4a24bf45,0.2083,NATURAL_END
fc61eed3-e1f9-4c32-bc03-5df35cedd82c,0.8005,SKIP
6bb28403-d9cc-45ab-b1a2-19d635131a71,0.7635,SKIP
46bd9349-ec8b-4b69-8888-4a3ef7610c8b,0.8989,NATURAL_END
11abb91c-a142-445c-9708-f883ef90bc28,0.7753,SKIP
127735e8-be26-4778-860c-77208d88bb12,0.4131,NATURAL_END
2d19f613-bf13-4812-bb1c-39042caffbe8,0.6635,NATURAL_END
117aa07f-3e2a-4d7d-b1c9-44efdc652167,0.1196,SKIP
5b8c7c0b-4013-4e11-b305-6e5d6d32c219,0.7113,NATURAL_END
ba27e412-d17d-494f-9c14-fa106e5e0f0d,0.4337,NATURAL_END
effc4454-9740-4811-8693-5ce66c48dfbc,0.9383,NATURAL_END
2ce3cabf-ed76-4e03-8f5d-081c25bba2b0,0.6216,NATURAL_END
494e1b71-535f-43df-be7e-b35415641ebe,0.2841,SKIP
a28960fd-9bfb-494c-9228-449ce7b4ba81,0.4194,NATURAL_END
549e1983-1ee2-40eb-8d67-de0c4a374de5,0.47,SKIP
bb6ee012-7ffa-4a89-a7cf-4dd0459b537e,0.14,SKIP
a30cf3e6-d980-4c74-abea-0855831cfbe3,0.5769,NATURAL_END
f208a452-5241-4466-9efb-1e4a41b7cc53,0.07,NATURAL_END
9921c299-0d89-499e-8f86-4ccd4c4aead5,0.0419,SKIP
1fd1007c-7edf-46e4-a115-a78fce5a823c,0.38,SKIP
9b288450-5166-4a42-80c0-b1d55141990d,0.8871,SKIP
d5509a63-59d1-474a-aa77-e0ae019c1f87,0.8896,NATURAL_END
81bcd09b-196a-406f-9548-d4506ad1c47b,0.8355,NATURAL_END
03a0199b-1ad1-43b8-9a4f-a291eb28e19b,0.1687,NATURAL_END
866ec43d-d203-412a-ab6a-7f7d8412741f,0.7403,SKIP
5f7c9f0e-5643-4c20-883c-96e795492453,0.4421,NATURAL_END
4322b4cf-d94a-4389-af19-6bd4bd8ffd35,0.14,NATURAL_END
c6c1f745-9db0-47c6-8640-d43c93b4bf41,0.8493,NATURAL_END
9d8efb35-6036-4a18-8b16-24bdc00dced0,0.7368,SKIP
4404d32c-d14d-4e61-8678-df1c419d837e,0.7848,SKIP
65c5da64-9661-4c8f-99a8-0117b28f7d05,0.2937,NATURAL_END
b6e4c792-97de-48a9-ae1b-2aadb8b54dc8,0.9077,NATURAL_END
c1468864-516d-44bd-85c4-3cddaefa39a7,0.6409,SKIP
e7af167a-d247-44af-92db-a0deca190780,0.2825,SKIP
84780627-5d6d-40f1-957e-eafc2904950a,0.2851,SKIP
2eec01e2-c98f-444a-9632-7e9da27ef75b,0.9399,NATURAL_END
e50b1937-20a6-4fb4-bbff-ed4b819bcb82,0.8283,NATURAL_END
efb63f77-8f15-47d6-8eb7-abb1baad21e7,0.91,NATURAL_END
26e8b124-12f5-4fd4-9a66-df4d18034165,0.3434,NATURAL_END
461fd79f-6904-40b3-b1c8-99bb927d83dd,0.4019,NATURAL_END
b75928a6-aeda-4109-8a6a-85183169fd7a,0.2122,NATURAL_END
fcd2d4fb-e69c-4c77-865c-7350489e4e0b,0.7773,SKIP
68f3646d-6e28-4054-a69b-3637e7be75d6,0.1761,SKIP
cdfa93e6-56a9-445b-a895-9a3d54e5554f,0.5352,SKIP
c15a4c08-e6bd-4a2e-ba91-9f52ed90d352,0.18,NATURAL_END
3b6ad8fb-c10c-486c-8859-9e156947d680,0.2415,NATURAL_END
a6343d90-9531-4ae2-92fd-9e009a0beceb,0.9573,SKIP
ae25d32b-008e-495d-8f6f-d652ff7d091e,0.8825,SKIP
198adbab-599a-41ee-81c7-546c326e29d5,0.73,NATURAL_END
386b0e51-9a78-4033-b441-48724d26c9c5,0.9029,SKIP
aae61b18-aca8-4fc1-a057-40e8fed5f156,0.7984,NATURAL_END
42cf001c-d3ef-4174-b8cd-bdee736a89d7,0.8605,SKIP
6e075076-f580-4863-9729-e11b544abd36,0.1728,NATURAL_END
a6fd9aa2-7c34-41dd-9e9f-183c6d80e1a9,0.2618,NATURAL_END
f1e84998-0786-4d33-bb33-1d87b5ba90e4,0.6875,SKIP
a194d67b-d6a2-471f-ab1a-e1e1f3c22f05,0.9702,NATURAL_END
1d6c8694-4477-4e89-9aab-b81cf52c94b0,0.2572,SKIP
0b0ba713-aef5-453b-8ad4-3b41bcd81320,0.4652,NATURAL_END
4e196ce8-9728-4e55-94a0-79cd9ab57e64,0.5978,NATURAL_END
77d04229-46da-4ba0-b4ef-31199a2341c0,0.8965,SKIP
f9685930-f36c-4496-82c8-3772b6b05161,0.5628,SKIP
83306f20-3add-4baf-92d6-f87ae6d25a97,0.1982,SKIP
7b75f5e1-37d4-4a29-a92c-b06296ac020c,0.3756,NATURAL_END
ea6eac9e-19c4-489c-a9c7-ae3c7801d341,0.1686,SKIP
0580367c-1c30-4e1c-ac7c-8af12a613762,0.1173,SKIP
ecd08db3-cac7-4031-accf-d90a33078f25,0.9268,SKIP
eecff291-d912-4629-92bd-a027ce5a1f52,0.7498,NATURAL_END
2017a825-61b8-45c8-8b56-616386713354,0.14,SKIP
3ffce8db-6045-43b0-84f5-4527d2ba48d1,0.5596,NATURAL_END
701509ef-b5eb-4e51-951f-89f5e14456af,0.6838,NATURAL_END
d6819fc1-4f4c-42d6-92db-aa259959bfd7,0.8304,SKIP
4ae2c68a-c1ac-4346-a630-dfce41d42b2d,0.2867,SKIP
51652c82-e22d-4a65-917e-0a585c73ab1c,0.8975,SKIP
bb5af2b5-2c22-4be2-abbb-67edf87690b6,1,NATURAL_END
84425149-1f05-4ae4-be78-04540af46d9d,0.1999,NATURAL_END
b66c5472-b652-427b-8a29-de336db3839b,0.1913,NATURAL_END
8b064e30-4129-45f6-ba19-40dc3b6cd5fb,0.5302,NATURAL_END
a826e94c-b536-4d5a-9815-0bc0a35a6e5c,0.39,SKIP
4dfd5e60-7728-4256-9b37-0cca4a24bf45,0.8872,NATURAL_END
fc61eed3-e1f9-4c32-bc03-5df35cedd82c,0.7865,SKIP
6bb28403-d9cc-45ab-b1a2-19d635131a71,0.4812,SKIP
46bd9349-ec8b-4b69-8888-4a3ef7610c8b,0.3932,NATURAL_END
11abb91c-a142-445c-9708-f883ef90bc28,0.1211,SKIP
127735e8-be26-4778-860c-77208d88bb12,0.0669,SKIP
2d19f613-bf13-4812-bb1c-39042caffbe8,0.4633,SKIP
117aa07f-3e2a-4d7d-b1c9-44efdc652167,1,SKIP
5b8c7c0b-4013-4e11-b305-6e5d6d32c219,0.5115,SKIP
ba27e412-d17d-494f-9c14-fa106e5e0f0d,0.3979,NATURAL_END
effc4454-9740-4811-8693-5ce66c48dfbc,0.8815,SKIP
2ce3cabf-ed76-4e03-8f5d-081c25bba2b0,0.7246,NATURAL_END
494e1b71-535f-43df-be7e-b35415641ebe,0.6718,NATURAL_END
a28960fd-9bfb-494c-9228-449ce7b4ba81,0.6412,SKIP
549e1983-1ee2-40eb-8d67-de0c4a374de5,0.9676,SKIP
bb6ee012-7ffa-4a89-a7cf-4dd0459b537e,0.5528,NATURAL_END
a30cf3e6-d980-4c74-abea-0855831cfbe3,0.8606,NATURAL_END
f208a452-5241-4466-9efb-1e4a41b7cc53,0.1977,SKIP
9921c299-0d89-499e-8f86-4ccd4c4aead5,0.0368,SKIP
1fd1007c-7edf-46e4-a115-a78fce5a823c,0.2159,SKIP
9b288450-5166-4a42-80c0-b1d55141990d,0.5947,NATURAL_END
d5509a63-59d1-474a-aa77-e0ae019c1f87,0.0032,SKIP
81bcd09b-196a-406f-9548-d4506ad1c47b,0.8579,NATURAL_END
03a0199b-1ad1-43b8-9a4f-a291eb28e19b,0.7616,SKIP
866ec43d-d203-412a-ab6a-7f7d8412741f,0.77,NATURAL_END
5f7c9f0e-5643-4c20-883c-96e795492453,0.5953,NATURAL_END
4322b4cf-d94a-4389-af19-6bd4bd8ffd35,0.9375,NATURAL_END
c6c1f745-9db0-47c6-8640-d43c93b4bf41,0.5168,NATURAL_END
9d8efb35-6036-4a18-8b16-24bdc00dced0,0.2871,NATURAL_END
4404d32c-d14d-4e61-8678-df1c419d837e,0.7169,NATURAL_END
65c5da64-9661-4c8f-99a8-0117b28f7d05,0.0303,SKIP
b6e4c792-97de-48a9-ae1b-2aadb8b54dc8,0.2571,NATURAL_END
c1468864-516d-44bd-85c4-3cddaefa39a7,0.7556,SKIP
e7af167a-d247-44af-92db-a0deca190780,0.9215,NATURAL_END
84780627-5d6d-40f1-957e-eafc2904950a,0.6123,SKIP
2eec01e2-c98f-444a-9632-7e9da27ef75b,0.2122,NATURAL_END
e50b1937-20a6-4fb4-bbff-ed4b819bcb82,0.1816,SKIP
efb63f77-8f15-47d6-8eb7-abb1baad21e7,0.84,NATURAL_END
26e8b124-12f5-4fd4-9a66-df4d18034165,0.4768,NATURAL_END
461fd79f-6904-40b3-b1c8-99bb927d83dd,0.0055,NATURAL_END
b75928a6-aeda-4109-8a6a-85183169fd7a,0.0587,NATURAL_END
fcd2d4fb-e69c-4c77-865c-7350489e4e0b,0.3634,NATURAL_END
68f3646d-6e28-4054-a69b-3637e7be75d6,0.0471,SKIP
cdfa93e6-56a9-445b-a895-9a3d54e5554f,0.59,SKIP
c15a4c08-e6bd-4a2e-ba91-9f52ed90d352,0.3238,SKIP
3b6ad8fb-c10c-486c-8859-9e156947d680,0.2877,NATURAL_END
a6343d90-9531-4ae2-92fd-9e009a0beceb,0.9411,SKIP
ae25d32b-008e-495d-8f6f-d652ff7d091e,0.6387,NATURAL_END
198adbab-599a-41ee-81c7-546c326e29d5,0.6427,SKIP
386b0e51-9a78-4033-b441-48724d26c9c5,1,SKIP
aae61b18-aca8-4fc1-a057-40e8fed5f156,0.7496,NATURAL_END
42cf001c-d3ef-4174-b8cd-bdee736a89d7,0.9332,NATURAL_END
6e075076-f580-4863-9729-e11b544abd36,0.5881,NATURAL_END
a6fd9aa2-7c34-41dd-9e9f-183c6d80e1a9,0.31,SKIP
f1e84998-0786-4d33-bb33-1d87b5ba90e4,0.9655,SKIP
a194d67b-d6a2-471f-ab1a-e1e1f3c22f05,0.6079,NATURAL_END
1d6c8694-4477-4e89-9aab-b81cf52c94b0,0.7083,SKIP
0b0ba713-aef5-453b-8ad4-3b41bcd81320,0.1676,SKIP
4e196ce8-9728-4e55-94a0-79cd9ab57e64,0.1382,SKIP
77d04229-46da-4ba0-b4ef-31199a2341c0,0.9763,SKIP
f9685930-f36c-4496-82c8-3772b6b05161,0.8166,SKIP
83306f20-3add-4baf-92d6-f87ae6d25a97,0.6333,NATURAL_END
7b75f5e1-37d4-4a29-a92c-b06296ac020c,1,NATURAL_END
ea6eac9e-19c4-489c-a9c7-ae3c7801d341,0.2897,SKIP
0580367c-1c30-4e1c-ac7c-8af12a613762,0.68,NATURAL_END
ecd08db3-cac7-4031-accf-d90a33078f25,0.5953,SKIP
eecff291-d912-4629-92bd-a027ce5a1f52,0.2689,SKIP
2017a825-61b8-45c8-8b56-616386713354,0.8938,NATURAL_END
3ffce8db-6045-43b0-84f5-4527d2ba48d1,0.82,SKIP
701509ef-b5eb-4e51-951f-89f5e14456af,0.5181,SKIP
d6819fc1-4f4c-42d6-92db-aa259959bfd7,0.8305,NATURAL_END
4ae2c68a-c1ac-4346-a630-dfce41d42b2d,0.8762,SKIP
51652c82-e22d-4a65-917e-0a585c73ab1c,1,SKIP
bb5af2b5-2c22-4be2-abbb-67edf87690b6,0.9792,SKIP
84425149-1f05-4ae4-be78-04540af46d9d,0.7972,NATURAL_END
b66c5472-b652-427b-8a29-de336db3839b,0.6175,SKIP
8b064e30-4129-45f6-ba19-40dc3b6cd5fb,0.6413,NATURAL_END
a826e94c-b536-4d5a-9815-0bc0a35a6e5c,0.9201,NATURAL_END
4dfd5e60-7728-4256-9b37-0cca4a24bf45,0.8124,SKIP
fc61eed3-e1f9-4c32-bc03-5df35cedd82c,0.23,SKIP
6bb28403-d9cc-45ab-b1a2-19d635131a71,0.0412,SKIP
46bd9349-ec8b-4b69-8888-4a3ef7610c8b,0.5649,NATURAL_END
11abb91c-a142-445c-9708-f883ef90bc28,0.9793,SKIP
127735e8-be26-4778-860c-77208d88bb12,0.5049,NATURAL_END
2d19f613-bf13-4812-bb1c-39042caffbe8,0.7797,SKIP
117aa07f-3e2a-4d7d-b1c9-44efdc652167,0.8929,NATURAL_END
5b8c7c0b-4013-4e11-b305-6e5d6d32c219,0.2817,NATURAL_END
ba27e412-d17d-494f-9c14-fa106e5e0f0d,0.24,SKIP
effc4454-9740-4811-8693-5ce66c48dfbc,0.8287,SKIP
2ce3cabf-ed76-4e03-8f5d-081c25bba2b0,0.5392,NATURAL_END
494e1b71-535f-43df-be7e-b35415641ebe,0.0012,SKIP
a28960fd-9bfb-494c-9228-449ce7b4ba81,0.9451,NATURAL_END
549e1983-1ee2-40eb-8d67-de0c4a374de5,0.9313,NATURAL_END
bb6ee012-7ffa-4a89-a7cf-4dd0459b537e,0.3393,SKIP
a30cf3e6-d980-4c74-abea-0855831cfbe3,0.7251,NATURAL_END
f208a452-5241-4466-9efb-1e4a41b7cc53,0.0605,SKIP
9921c299-0d89-499e-8f86-4ccd4c4aead5,0.8154,NATURAL_END
1fd1007c-7edf-46e4-a115-a78fce5a823c,0.8384,SKIP
9b288450-5166-4a42-80c0-b1d55141990d,0.9572,NATURAL_END
d5509a63-59d1-474a-aa77-e0ae019c1f87,0.9047,NATURAL_END
81bcd09b-196a-406f-9548-d4506ad1c47b,0.92,NATURAL_END
03a0199b-1ad1-43b8-9a4f-a291eb28e19b,0.8369,SKIP
866ec43d-d203-412a-ab6a-7f7d8412741f,0.4695,NATURAL_END
5f7c9f0e-5643-4c20-883c-96e795492453,0.8379,SKIP
4322b4cf-d94a-4389-af19-6bd4bd8ffd35,0.3571,NATURAL_END
c6c1f745-9db0-47c6-8640-d43c93b4bf41,0.8604,SKIP
9d8efb35-6036-4a18-8b16-24bdc00dced0,1,NATURAL_END
4404d32c-d14d-4e61-8678-df1c419d837e,0.5697,NATURAL_END
65c5da64-9661-4c8f-99a8-0117b28f7d05,0.2259,NATURAL_END
b6e4c792-97de-48a9-ae1b-2aadb8b54dc8,0.1099,NATURAL_END
c1468864-516d-44bd-85c4-3cddaefa39a7,0.4902,SKIP
e7af167a-d247-44af-92db-a0deca190780,0.8758,NATURAL_END
84780627-5d6d-40f1-957e-eafc2904950a,0.9446,SKIP
2eec01e2-c98f-444a-9632-7e9da27ef75b,0.0735,NATURAL_END
e50b1937-20a6-4fb4-bbff-ed4b819bcb82,0.6703,SKIP
efb63f77-8f15-47d6-8eb7-abb1baad21e7,0.86,NATURAL_END
26e8b124-12f5-4fd4-9a66-df4d18034165,0.7003,NATURAL_END
461fd79f-6904-40b3-b1c8-99bb927d83dd,0.1619,SKIP
b75928a6-aeda-4109-8a6a-85183169fd7a,0.5165,NATURAL_END
fcd2d4fb-e69c-4c77-865c-7350489e4e0b,0.0875,SKIP
68f3646d-6e28-4054-a69b-3637e7be75d6,0.6779,NATURAL_END
cdfa93e6-56a9-445b-a895-9a3d54e5554f,0.8678,NATURAL_END
c15a4c08-e6bd-4a2e-ba91-9f52ed90d352,0.5328,SKIP
3b6ad8fb-c10c-486c-8859-9e156947d680,0.4984,NATURAL_END
a6343d90-9531-4ae2-92fd-9e009a0beceb,0.5509,NATURAL_END
ae25d32b-008e-495d-8f6f-d652ff7d091e,1,NATURAL_END
198adbab-599a-41ee-81c7-546c326e29d5,0.1354,NATURAL_END
386b0e51-9a78-4033-b441-48724d26c9c5,0.7741,SKIP
aae61b18-aca8-4fc1-a057-40e8fed5f156,0.6978,SKIP
42cf001c-d3ef-4174-b8cd-bdee736a89d7,0.0429,SKIP
6e075076-f580-4863-9729-e11b544abd36,0.6609,NATURAL_END
a6fd9aa2-7c34-41dd-9e9f-183c6d80e1a9,0.8618,NATURAL_END
f1e84998-0786-4d33-bb33-1d87b5ba90e4,0.1413,NATURAL_END
a194d67b-d6a2-471f-ab1a-e1e1f3c22f05,0.6728,NATURAL_END
1d6c8694-4477-4e89-9aab-b81cf52c94b0,1,SKIP
0b0ba713-aef5-453b-8ad4-3b41bcd81320,0.8391,SKIP
4e196ce8-9728-4e55-94a0-79cd9ab57e64,0.4846,SKIP
77d04229-46da-4ba0-b4ef-31199a2341c0,0.6768,SKIP
f9685930-f36c-4496-82c8-3772b6b05161,0.5282,NATURAL_END
83306f20-3add-4baf-92d6-f87ae6d25a97,0.9059,SKIP
7b75f5e1-37d4-4a29-a92c-b06296ac020c,0.93,SKIP
ea6eac9e-19c4-489c-a9c7-ae3c7801d341,0.9745,SKIP
0580367c-1c30-4e1c-ac7c-8af12a613762,0.1543,NATURAL_END
ecd08db3-cac7-4031-accf-d90a33078f25,0.9264,SKIP
eecff291-d912-4629-92bd-a027ce5a1f52,0.1049,SKIP
2017a825-61b8-45c8-8b56-616386713354,0.07,SKIP
3ffce8db-6045-43b0-84f5-4527d2ba48d1,0.3839,SKIP
701509ef-b5eb-4e51-951f-89f5e14456af,0.0353,NATURAL_END
d6819fc1-4f4c-42d6-92db-aa259959bfd7,0.3126,NATURAL_END
4ae2c68a-c1ac-4346-a630-dfce41d42b2d,0.3657,NATURAL_END
51652c82-e22d-4a65-917e-0a585c73ab1c,0.5935,NATURAL_END
bb5af2b5-2c22-4be2-abbb-67edf87690b6,0.9113,SKIP
84425149-1f05-4ae4-be78-04540af46d9d,0.19,SKIP
b66c5472-b652-427b-8a29-de336db3839b,0.6103,NATURAL_END
8b064e30-4129-45f6-ba19-40dc3b6cd5fb,0.7042,SKIP
a826e94c-b536-4d5a-9815-0bc0a35a6e5c,1,NATURAL_END
4dfd5e60-7728-4256-9b37-0cca4a24bf45,0.1345,SKIP
fc61eed3-e1f9-4c32-bc03-5df35cedd82c,0.9494,SKIP
6bb28403-d9cc-45ab-b1a2-19d635131a71,0.3122,NATURAL_END
46bd9349-ec8b-4b69-8888-4a3ef7610c8b,0.9289,SKIP
11abb91c-a142-445c-9708-f883ef90bc28,0.9274,SKIP
127735e8-be26-4778-860c-77208d88bb12,0.85,NATURAL_END
2d19f613-bf13-4812-bb1c-39042caffbe8,0.2137,NATURAL_END
117aa07f-3e2a-4d7d-b1c9-44efdc652167,0.5999,SKIP
5b8c7c0b-4013-4e11-b305-6e5d6d32c219,0.9455,NATURAL_END
ba27e412-d17d-494f-9c14-fa106e5e0f0d,0.1391,NATURAL_END
effc4454-9740-4811-8693-5ce66c48dfbc,0.5399,NATURAL_END
2ce3cabf-ed76-4e03-8f5d-081c25bba2b0,1,NATURAL_END
494e1b71-535f-43df-be7e-b35415641ebe,0.2,NATURAL_END
a28960fd-9bfb-494c-9228-449ce7b4ba81,0.55,SKIP
549e1983-1ee2-40eb-8d67-de0c4a374de5,0.6534,SKIP
bb6ee012-7ffa-4a89-a7cf-4dd0459b537e,0.5815,NATURAL_END
a30cf3e6-d980-4c74-abea-0855831cfbe3,0.2497,NATURAL_END
f208a452-5241-4466-9efb-1e4a41b7cc53,0.2848,SKIP
9921c299-0d89-499e-8f86-4ccd4c4aead5,0.5959,NATURAL_END
1fd1007c-7edf-46e4-a115-a78fce5a823c,0.8292,SKIP
9b288450-5166-4a42-80c0-b1d55141990d,0.78,NATURAL_END
d5509a63-59d1-474a-aa77-e0ae019c1f87,0.8721,NATURAL_END
81bcd09b-196a-406f-9548-d4506ad1c47b,0.7213,SKIP
03a0199b-1ad1-43b8-9a4f-a291eb28e19b,0.6428,SKIP
866ec43d-d203-412a-ab6a-7f7d8412741f,0.6108,NATURAL_END
5f7c9f0e-5643-4c20-883c-96e795492453,0.1179,SKIP
4322b4cf-d94a-4389-af19-6bd4bd8ffd35,0.8034,SKIP
c6c1f745-9db0-47c6-8640-d43c93b4bf41,0.9316,NATURAL_END
9d8efb35-6036-4a18-8b16-24bdc00dced0,0.6293,NATURAL_END
4404d32c-d14d-4e61-8678-df1c419d837e,1,NATURAL_END
65c5da64-9661-4c8f-99a8-0117b28f7d05,0.2605,NATURAL_END
b6e4c792-97de-48a9-ae1b-2aadb8b54dc8,0.2942,NATURAL_END
c1468864-516d-44bd-85c4-3cddaefa39a7,0.0935,SKIP
e7af167a-d247-44af-92db-a0deca190780,1,NATURAL_END
84780627-5d6d-40f1-957e-eafc2904950a,0.4084,NATURAL_END
2eec01e2-c98f-444a-9632-7e9da27ef75b,0.7287,NATURAL_END
e50b1937-20a6-4fb4-bbff-ed4b819bcb82,0.4944,SKIP
efb63f77-8f15-47d6-8eb7-abb1baad21e7,0.93,NATURAL_END
26e8b124-12f5-4fd4-9a66-df4d18034165,0.9209,NATURAL_END
461fd79f-6904-40b3-b1c8-99bb927d83dd,0.9886,SKIP
b75928a6-aeda-4109-8a6a-85183169fd7a,0.8803,NATURAL_END
fcd2d4fb-e69c-4c77-865c-7350489e4e0b,0.6917,NATURAL_END
68f3646d-6e28-4054-a69b-3637e7be75d6,0.9535,NATURAL_END
cdfa93e6-56a9-445b-a895-9a3d54e5554f,0.6878,NATURAL_END
c15a4c08-e6bd-4a2e-ba91-9f52ed90d352,0.0702,SKIP
3b6ad8fb-c10c-486c-8859-9e156947d680,0.6258,NATURAL_END
a6343d90-9531-4ae2-92fd-9e009a0beceb,0.1712,NATURAL_END
ae25d32b-008e-495d-8f6f-d652ff7d091e,0.2741,NATURAL_END
198adbab-599a-41ee-81c7-546c326e29d5,0.4522,SKIP
386b0e51-9a78-4033-b441-48724d26c9c5,1,SKIP
aae61b18-aca8-4fc1-a057-40e8fed5f156,0.7267,NATURAL_END
42cf001c-d3ef-4174-b8cd-bdee736a89d7,0.5605,NATURAL_END
6e075076-f580-4863-9729-e11b544abd36,0.5329,SKIP
a6fd9aa2-7c34-41dd-9e9f-183c6d80e1a9,0.3765,NATURAL_END
f1e84998-0786-4d33-bb33-1d87b5ba90e4,0.7853,NATURAL_END
a194d67b-d6a2-471f-ab1a-e1e1f3c22f05,0.6367,SKIP
1d6c8694-4477-4e89-9aab-b81cf52c94b0,0.1714,SKIP
0b0ba713-aef5-453b-8ad4-3b41bcd81320,0.7656,NATURAL_END
4e196ce8-9728-4e55-94a0-79cd9ab57e64,0.1073,SKIP
77d04229-46da-4ba0-b4ef-31199a2341c0,0.1621,NATURAL_END
f9685930-f36c-4496-82c8-3772b6b05161,0.1172,SKIP
83306f20-3add-4baf-92d6-f87ae6d25a97,0.3703,SKIP
7b75f5e1-37d4-4a29-a92c-b06296ac020c,0.8805,SKIP
ea6eac9e-19c4-489c-a9c7-ae3c7801d341,0.4871,SKIP
0580367c-1c30-4e1c-ac7c-8af12a613762,0.6541,SKIP
ecd08db3-cac7-4031-accf-d90a33078f25,0.39,SKIP
eecff291-d912-4629-92bd-a027ce5a1f52,0.8935,SKIP
2017a825-61b8-45c8-8b56-616386713354,0.6435,NATURAL_END
3ffce8db-6045-43b0-84f5-4527d2ba48d1,1,SKIP
701509ef-b5eb-4e51-951f-89f5e14456af,0.2977,NATURAL_END
d6819fc1-4f4c-42d6-92db-aa259959bfd7,0.9319,NATURAL_END
4ae2c68a-c1ac-4346-a630-dfce41d42b2d,0.5,SKIP
51652c82-e22d-4a65-917e-0a585c73ab1c,0.6727,SKIP
bb5af2b5-2c22-4be2-abbb-67edf87690b6,0.1245,SKIP
84425149-1f05-4ae4-be78-04540af46d9d,0.2234,NATURAL_END
b66c5472-b652-427b-8a29-de336db3839b,0.2874,NATURAL_END
8b064e30-4129-45f6-ba19-40dc3b6cd5fb,0.5729,NATURAL_END
a826e94c-b536-4d5a-9815-0bc0a35a6e5c,0.3356,NATURAL_END
4dfd5e60-7728-4256-9b37-0cca4a24bf45,0.2403,SKIP
fc61eed3-e1f9-4c32-bc03-5df35cedd82c,0.8635,SKIP
6bb28403-d9cc-45ab-b1a2-19d635131a71,0.9739,NATURAL_END
46bd9349-ec8b-4b69-8888-4a3ef7610c8b,1,SKIP
11abb91c-a142-445c-9708-f883ef90bc28,0.9287,NATURAL_END
127735e8-be26-4778-860c-77208d88bb12,0.3118,NATURAL_END
2d19f613-bf13-4812-bb1c-39042caffbe8,0.2659,SKIP
117aa07f-3e2a-4d7d-b1c9-44efdc652167,0.6725,NATURAL_END
5b8c7c0b-4013-4e11-b305-6e5d6d32c219,0.5773,SKIP
ba27e412-d17d-494f-9c14-fa106e5e0f0d,0.3439,NATURAL_END
effc4454-9740-4811-8693-5ce66c48dfbc,0.9529,SKIP
2ce3cabf-ed76-4e03-8f5d-081c25bba2b0,0.9108,NATURAL_END
494e1b71-535f-43df-be7e-b35415641ebe,0.7899,SKIP
a28960fd-9bfb-494c-9228-449ce7b4ba81,0.6115,NATURAL_END
549e1983-1ee2-40eb-8d67-de0c4a374de5,0.3681,SKIP
bb6ee012-7ffa-4a89-a7cf-4dd0459b537e,0.9874,NATURAL_END
a30cf3e6-d980-4c74-abea-0855831cfbe3,0.9864,NATURAL_END
f208a452-5241-4466-9efb-1e4a41b7cc53,0.9248,NATURAL_END
9921c299-0d89-499e-8f86-4ccd4c4aead5,0.37,SKIP
1fd1007c-7edf-46e4-a115-a78fce5a823c,0.0421,SKIP
9b288450-5166-4a42-80c0-b1d55141990d,0.1193,NATURAL_END
d5509a63-59d1-474a-aa77-e0ae019c1f87,0.8205,NATURAL_END
81bcd09b-196a-406f-9548-d4506ad1c47b,0.38,SKIP
03a0199b-1ad1-43b8-9a4f-a291eb28e19b,0.9793,SKIP
866ec43d-d203-412a-ab6a-7f7d8412741f,0.2621,NATURAL_END
5f7c9f0e-5643-4c20-883c-96e795492453,0.0263,NATURAL_END
4322b4cf-d94a-4389-af19-6bd4bd8ffd35,0.5504,NATURAL_END
c6c1f745-9db0-47c6-8640-d43c93b4bf41,0.7151,SKIP
9d8efb35-6036-4a18-8b16-24bdc00dced0,0.1068,NATURAL_END
4404d32c-d14d-4e61-8678-df1c419d837e,0.2278,NATURAL_END
65c5da64-9661-4c8f-99a8-0117b28f7d05,0.5883,SKIP
b6e4c792-97de-48a9-ae1b-2aadb8b54dc8,0.8883,NATURAL_END
c1468864-516d-44bd-85c4-3cddaefa39a7,0.29,NATURAL_END
e7af167a-d247-44af-92db-a0deca190780,0.5615,SKIP
84780627-5d6d-40f1-957e-eafc2904950a,0.6527,SKIP
2eec01e2-c98f-444a-9632-7e9da27ef75b,0.7731,NATURAL_END
e50b1937-20a6-4fb4-bbff-ed4b819bcb82,0.8276,NATURAL_END
efb63f77-8f15-47d6-8eb7-abb1baad21e7,0.76,NATURAL_END
26e8b124-12f5-4fd4-9a66-df4d18034165,0.5242,SKIP
461fd79f-6904-40b3-b1c8-99bb927d83dd,0.4068,NATURAL_END
b75928a6-aeda-4109-8a6a-85183169fd7a,0.7445,NATURAL_END
fcd2d4fb-e69c-4c77-865c-7350489e4e0b,0.1384,NATURAL_END
68f3646d-6e28-4054-a69b-3637e7be75d6,0.1463,NATURAL_END
cdfa93e6-56a9-445b-a895-9a3d54e5554f,0.1804,SKIP
c15a4c08-e6bd-4a2e-ba91-9f52ed90d352,0.8631,SKIP
3b6ad8fb-c10c-486c-8859-9e156947d680,0.6319,NATURAL_END
a6343d90-9531-4ae2-92fd-9e009a0beceb,0.8068,NATURAL_END
ae25d32b-008e-495d-8f6f-d652ff7d091e,0.3215,SKIP
198adbab-599a-41ee-81c7-546c326e29d5,0.3032,NATURAL_END
386b0e51-9a78-4033-b441-48724d26c9c5,0.76,SKIP
aae61b18-aca8-4fc1-a057-40e8fed5f156,0.6599,NATURAL_END
42cf001c-d3ef-4174-b8cd-bdee736a89d7,0.9507,NATURAL_END
6e075076-f580-4863-9729-e11b544abd36,0.0356,NATURAL_END
a6fd9aa2-7c34-41dd-9e9f-183c6d80e1a9,0.6458,NATURAL_END
f1e84998-0786-4d33-bb33-1d87b5ba90e4,0.2919,SKIP
a194d67b-d6a2-471f-ab1a-e1e1f3c22f05,0.68,NATURAL_END
1d6c8694-4477-4e89-9aab-b81cf52c94b0,0.7646,NATURAL_END
0b0ba713-aef5-453b-8ad4-3b41bcd81320,0.5464,SKIP
4e196ce8-9728-4e55-94a0-79cd9ab57e64,0.7177,NATURAL_END
77d04229-46da-4ba0-b4ef-31199a2341c0,0.6197,SKIP
f9685930-f36c-4496-82c8-3772b6b05161,0.6084,SKIP
83306f20-3add-4baf-92d6-f87ae6d25a97,0.5042,NATURAL_END
7b75f5e1-37d4-4a29-a92c-b06296ac020c,0.2253,SKIP
ea6eac9e-19c4-489c-a9c7-ae3c7801d341,0.15,NATURAL_END
0580367c-1c30-4e1c-ac7c-8af12a613762,0.2853,NATURAL_END
ecd08db3-cac7-4031-accf-d90a33078f25,0.2917,NATURAL_END
eecff291-d912-4629-92bd-a027ce5a1f52,0.1168,NATURAL_END
2017a825-61b8-45c8-8b56-616386713354,0.3296,NATURAL_END
3ffce8db-6045-43b0-84f5-4527d2ba48d1,0.9507,NATURAL_END
701509ef-b5eb-4e51-951f-89f5e14456af,0.6859,SKIP
d6819fc1-4f4c-42d6-92db-aa259959bfd7,0.5348,NATURAL_END
4ae2c68a-c1ac-4346-a630-dfce41d42b2d,0.8977,SKIP
51652c82-e22d-4a65-917e-0a585c73ab1c,1,SKIP
bb5af2b5-2c22-4be2-abbb-67edf87690b6,0.7337,SKIP
84425149-1f05-4ae4-be78-04540af46d9d,0.2751,SKIP
b66c5472-b652-427b-8a29-de336db3839b,0.7465,NATURAL_END
8b064e30-4129-45f6-ba19-40dc3b6cd5fb,0.1191,NATURAL_END
a826e94c-b536-4d5a-9815-0bc0a35a6e5c,1,NATURAL_END
4dfd5e60-7728-4256-9b37-0cca4a24bf45,0.4217,SKIP
fc61eed3-e1f9-4c32-bc03-5df35cedd82c,0.8261,NATURAL_END
6bb28403-d9cc-45ab-b1a2-19d635131a71,0.6682,SKIP
46bd9349-ec8b-4b69-8888-4a3ef7610c8b,1,NATURAL_END
11abb91c-a142-445c-9708-f883ef90bc28,1,NATURAL_END
127735e8-be26-4778-860c-77208d88bb12,0.4792,SKIP
2d19f613-bf13-4812-bb1c-39042caffbe8,0.1566,SKIP
117aa07f-3e2a-4d7d-b1c9-44efdc652167,0.1549,NATURAL_END
5b8c7c0b-4013-4e11-b305-6e5d6d32c219,0.6657,SKIP
ba27e412-d17d-494f-9c14-fa106e5e0f0d,0.1992,NATURAL_END
effc4454-9740-4811-8693-5ce66c48dfbc,0.3531,SKIP
2ce3cabf-ed76-4e03-8f5d-081c25bba2b0,0.9441,SKIP
494e1b71-535f-43df-be7e-b35415641ebe,0.18,SKIP
a28960fd-9bfb-494c-9228-449ce7b4ba81,0.1192,SKIP
549e1983-1ee2-40eb-8d67-de0c4a374de5,0.6588,SKIP
bb6ee012-7ffa-4a89-a7cf-4dd0459b537e,0.8722,NATURAL_END
a30cf3e6-d980-4c74-abea-0855831cfbe3,0.3041,NATURAL_END
f208a452-5241-4466-9efb-1e4a41b7cc53,0.6096,SKIP
9921c299-0d89-499e-8f86-4ccd4c4aead5,0.7,NATURAL_END
1fd1007c-7edf-46e4-a115-a78fce5a823c,0.3193,NATURAL_END
9b288450-5166-4a42-80c0-b1d55141990d,0.5226,SKIP
d5509a63-59d1-474a-aa77-e0ae019c1f87,0.4719,NATURAL_END
81bcd09b-196a-406f-9548-d4506ad1c47b,0.4092,NATURAL_END
03a0199b-1ad1-43b8-9a4f-a291eb28e19b,0.4451,SKIP
866ec43d-d203-412a-ab6a-7f7d8412741f,0.9017,NATURAL_END
5f7c9f0e-5643-4c20-883c-96e795492453,0.4988,NATURAL_END
4322b4cf-d94a-4389-af19-6bd4bd8ffd35,0.2544,NATURAL_END
c6c1f745-9db0-47c6-8640-d43c93b4bf41,0.6256,NATURAL_END
9d8efb35-6036-4a18-8b16-24bdc00dced0,0.2457,SKIP
4404d32c-d14d-4e61-8678-df1c419d837e,0.6978,NATURAL_END
65c5da64-9661-4c8f-99a8-0117b28f7d05,0.5337,NATURAL_END
b6e4c792-97de-48a9-ae1b-2aadb8b54dc8,0.2541,NATURAL_END
c1468864-516d-44bd-85c4-3cddaefa39a7,0.2725,NATURAL_END
e7af167a-d247-44af-92db-a0deca190780,0.66,SKIP
84780627-5d6d-40f1-957e-eafc2904950a,0.6907,NATURAL_END
2eec01e2-c98f-444a-9632-7e9da27ef75b,0.3603,NATURAL_END
e50b1937-20a6-4fb4-bbff-ed4b819bcb82,0.6674,NATURAL_END
efb63f77-8f15-47d6-8eb7-abb1baad21e7,0.75,NATURAL_END
26e8b124-12f5-4fd4-9a66-df4d18034165,0.7759,NATURAL_END
461fd79f-6904-40b3-b1c8-99bb927d83dd,0.1941,NATURAL_END
b75928a6-aeda-4109-8a6a-85183169fd7a,0.8666,NATURAL_END
fcd2d4fb-e69c-4c77-865c-7350489e4e0b,0.2487,SKIP
68f3646d-6e28-4054-a69b-3637e7be75d6,0.2731,SKIP
cdfa93e6-56a9-445b-a895-9a3d54e5554f,0.0751,NATURAL_END
c15a4c08-e6bd-4a2e-ba91-9f52ed90d352,0.3195,SKIP
3b6ad8fb-c10c-486c-8859-9e156947d680,0.0147,NATURAL_END
a6343d90-9531-4ae2-92fd-9e009a0beceb,0.1424,SKIP
ae25d32b-008e-495d-8f6f-d652ff7d091e,0.4214,NATURAL_END
198adbab-599a-41ee-81c7-546c326e29d5,0.5874,SKIP
386b0e51-9a78-4033-b441-48724d26c9c5,0.76,SKIP
aae61b18-aca8-4fc1-a057-40e8fed5f156,0.8759,NATURAL_END
42cf001c-d3ef-4174-b8cd-bdee736a89d7,0.0313,SKIP
6e075076-f580-4863-9729-e11b544abd36,0.4421,SKIP
a6fd9aa2-7c34-41dd-9e9f-183c6d80e1a9,0.9611,SKIP
f1e84998-0786-4d33-bb33-1d87b5ba90e4,0.4208,NATURAL_END
a194d67b-d6a2-471f-ab1a-e1e1f3c22f05,0.4195,NATURAL_END
1d6c8694-4477-4e89-9aab-b81cf52c94b0,0.25,SKIP
0b0ba713-aef5-453b-8ad4-3b41bcd81320,0.8141,SKIP
4e196ce8-9728-4e55-94a0-79cd9ab57e64,0.7439,NATURAL_END
77d04229-46da-4ba0-b4ef-31199a2341c0,0.7841,NATURAL_END
f9685930-f36c-4496-82c8-3772b6b05161,0.9473,NATURAL_END
83306f20-3add-4baf-92d6-f87ae6d25a97,0.9589,SKIP
7b75f5e1-37d4-4a29-a92c-b06296ac020c,1,SKIP
ea6eac9e-19c4-489c-a9c7-ae3c7801d341,0.2158,NATURAL_END
0580367c-1c30-4e1c-ac7c-8af12a613762,0.4455,SKIP
ecd08db3-cac7-4031-accf-d90a33078f25,0.6349,NATURAL_END
eecff291-d912-4629-92bd-a027ce5a1f52,0.5618,NATURAL_END
2017a825-61b8-45c8-8b56-616386713354,0.9529,SKIP
3ffce8db-6045-43b0-84f5-4527d2ba48d1,0.5378,SKIP
701509ef-b5eb-4e51-951f-89f5e14456af,0.3955,SKIP
d6819fc1-4f4c-42d6-92db-aa259959bfd7,0.9331,SKIP
4ae2c68a-c1ac-4346-a630-dfce41d42b2d,0.3317,NATURAL_END
51652c82-e22d-4a65-917e-0a585c73ab1c,0.9245,SKIP
bb5af2b5-2c22-4be2-abbb-67edf87690b6,0.3325,NATURAL_END
84425149-1f05-4ae4-be78-04540af46d9d,0.6245,NATURAL_END
b66c5472-b652-427b-8a29-de336db3839b,0.5845,SKIP
8b064e30-4129-45f6-ba19-40dc3b6cd5fb,0.1202,NATURAL_END
a826e94c-b536-4d5a-9815-0bc0a35a6e5c,0.7726,NATURAL_END
4dfd5e60-7728-4256-9b37-0cca4a24bf45,0.6763,NATURAL_END
fc61eed3-e1f9-4c32-bc03-5df35cedd82c,0.3988,NATURAL_END
6bb28403-d9cc-45ab-b1a2-19d635131a71,0.2622,NATURAL_END
46bd9349-ec8b-4b69-8888-4a3ef7610c8b,0.6743,NATURAL_END
11abb91c-a142-445c-9708-f883ef90bc28,0.5197,SKIP
127735e8-be26-4778-860c-77208d88bb12,0.9662,NATURAL_END
2d19f613-bf13-4812-bb1c-39042caffbe8,0.0009,NATURAL_END
117aa07f-3e2a-4d7d-b1c9-44efdc652167,1,NATURAL_END
5b8c7c0b-4013-4e11-b305-6e5d6d32c219,0.3007,NATURAL_END
ba27e412-d17d-494f-9c14-fa106e5e0f0d,0.7207,NATURAL_END
effc4454-9740-4811-8693-5ce66c48dfbc,0.1192,SKIP
2ce3cabf-ed76-4e03-8f5d-081c25bba2b0,1,NATURAL_END
494e1b71-535f-43df-be7e-b35415641ebe,0.0463,SKIP
a28960fd-9bfb-494c-9228-449ce7b4ba81,0.1961,NATURAL_END
549e1983-1ee2-40eb-8d67-de0c4a374de5,0.1026,NATURAL_END
bb6ee012-7ffa-4a89-a7cf-4dd0459b537e,0.46,SKIP
a30cf3e6-d980-4c74-abea-0855831cfbe3,0.8307,NATURAL_END
f208a452-5241-4466-9efb-1e4a41b7cc53,0.9155,NATURAL_END
9921c299-0d89-499e-8f86-4ccd4c4aead5,0.6611,SKIP